country,year,V,V_star,R
ABW,2009,0.44517137809664353,0.42207696302173137,0.1037551658134612
ABW,2010,1.0,0.9128428376525889,0.17431432469482216
ABW,2011,1.0,0.9852775102080413,0.02944497958391723
ABW,2012,1.0,0.932711135264892,0.13457772947021604
ABW,2013,1.0,0.9291294446130359,0.14174111077392806
ABW,2014,1.0,0.9232347063138339,0.15353058737233224
ABW,2015,0.5263343173807655,0.4734084201344586,0.201111329809106
ABW,2016,0.4932691691564104,0.4327213063107236,0.24549623869351417
ABW,2017,1.0,0.8837957807723078,0.23240843845538428
ABW,2018,0.9497832931564923,0.8443181292629943,0.22208258379234513
ABW,2019,0.8149621334148742,0.7217204074485266,0.22882468311906434
ABW,2020,1.0,0.7907054869012905,0.418589026197419
ABW,2021,0.8140259795120958,0.6327187238089564,0.4454581555537324
ABW,2022,1.0,0.8228953518880279,0.3542092962239442
AFG,2009,0.014435588538299411,0.009767643865757868,0.6467273100998836
AFG,2010,0.0948060511682513,0.06878662537205743,0.5488979970280057
AFG,2011,0.0016343901688963772,0.0011910198406747917,0.5425513890859631
AFG,2012,0.003116540575470417,0.002416440616548053,0.4492801822846089
AFG,2013,0.0015572578209819398,0.0012113162607205658,0.4442958071557324
AFG,2014,0.0016000917133458248,0.0011499656930581686,0.5626252752055488
AFG,2015,0.06186952591645222,0.04607909167006332,0.5104430335448857
AFG,2016,0.030542836618508668,0.02098903553283042,0.6256001173046735
AFG,2017,0.0035081444552227258,0.0023807394163877322,0.6427358127494305
AFG,2018,0.059859220872662044,0.04054817564750856,0.6452153884940696
AFG,2019,0.0015052953437408232,0.0009535370380936841,0.7330897659936415
AFG,2020,0.01076038340690419,0.005948310562674222,0.89440546163855
AFG,2021,0.005766071227157648,0.005766071227157648,0.0
AFG,2022,,,0.0
AGO,2009,0.29590457321093877,0.2734460428049014,0.15179576417041415
AGO,2010,0.4511181901750334,0.3910066138152785,0.26650034367459974
AGO,2011,0.38615937118468957,0.32800856402960776,0.30117517012047246
AGO,2012,0.2089457936552202,0.17406468667180816,0.3338770919788804
AGO,2013,0.4872472643702958,0.41035755832734083,0.31560856946965105
AGO,2014,0.3167089670552388,0.27685242020192075,0.25169193802060214
AGO,2015,0.5648848804625332,0.47268435690659194,0.3264400473259137
AGO,2016,0.278553546350323,0.21280978598110017,0.47203678596531046
AGO,2017,0.623034646987333,0.5329155288251234,0.2892908720180432
AGO,2018,0.6070493427753457,0.5261306682368638,0.2665966959737831
AGO,2019,0.6115939846779418,0.5127441656723819,0.3232530779635221
AGO,2020,0.4520500834637845,0.3587362877920422,0.41284715603516986
AGO,2021,0.865872907858051,0.7132285270328632,0.3525791820944971
AGO,2022,0.8845505101107916,0.7922770825893134,0.2086334843895365
ALB,2009,0.6897886748249206,0.6191570310428396,0.2047921236167248
ALB,2010,0.6319523339683447,0.5575661789680119,0.2354169800536222
ALB,2011,0.6111521610374122,0.5498752041625563,0.2005292978784208
ALB,2012,0.5972815288459874,0.5238266777822416,0.2459639132175024
ALB,2013,0.595842273842071,0.5165776691550334,0.26605901651095937
ALB,2014,0.6152476165428661,0.5425222590940082,0.23641004204943866
ALB,2015,0.6260067666995854,0.5140994020515629,0.35752765177928425
ALB,2016,0.6306123754684699,0.5265994412210205,0.32987914063748014
ALB,2017,0.6167273733284084,0.5144629182752841,0.3316358555684483
ALB,2018,0.6091971601551072,0.5116643215675913,0.3202012253723673
ALB,2019,0.6216724317392607,0.5295516999431139,0.2963642172081509
ALB,2020,0.5555020498776417,0.4231351240029146,0.47656683140551187
ALB,2021,0.5714285714285714,0.45787889592664244,0.39742386425675125
ALB,2022,1.0,0.8408506289157349,0.3182987421685302
AND,2009,,,0.0
AND,2010,,,0.0
AND,2011,,,0.0
AND,2012,,,0.0
AND,2013,,,0.0
AND,2014,,,0.0
AND,2015,,,0.0
AND,2016,,,0.0
AND,2017,,,0.0
AND,2018,,,0.0
AND,2019,1.0,1.0,0.0
AND,2020,1.0,1.0,0.0
AND,2021,1.0,1.0,0.0
AND,2022,1.0,1.0,0.0
ARE,2009,0.13969493092977578,0.13969493092977578,0.0
ARE,2010,0.3464883189872661,0.3464883189872661,0.0
ARE,2011,0.23983062923449258,0.23983062923449258,0.0
ARE,2012,0.29716421691495937,0.29716421691495937,0.0
ARE,2013,0.4502890380533488,0.4502890380533488,0.0
ARE,2014,0.5403472948713962,0.5403472948713962,0.0
ARE,2015,0.6080690448688494,0.6080690448688494,0.0
ARE,2016,0.61324184396598,0.61324184396598,0.0
ARE,2017,0.6121365382404585,0.6121365382404585,0.0
ARE,2018,0.6143466056581633,0.6143466056581633,0.0
ARE,2019,0.623086892280976,0.623086892280976,0.0
ARE,2020,0.607371090896876,0.607371090896876,0.0
ARE,2021,1.0,1.0,0.0
ARE,2022,1.0,1.0,0.0
ARG,2009,0.10473079496220444,0.08006037443038952,0.47112065826900396
ARG,2010,0.21410108536042605,0.17439350873898865,0.37092363688481195
ARG,2011,0.1686874081612174,0.14719606911327573,0.2548066780112249
ARG,2012,0.22188619748991226,0.19351571841474455,0.25572099027437284
ARG,2013,0.14473672525449935,0.13335053853050494,0.15733652539082116
ARG,2014,0.11583687547982653,0.10509441979855355,0.1854755773888916
ARG,2015,0.19173338937020623,0.1771758340646735,0.15185206242220478
ARG,2016,0.11503486534706177,0.10071620954558337,0.24894462662739364
ARG,2017,0.19865928107299635,0.16863345054505824,0.3022846993683146
ARG,2018,0.2563577472348908,0.2100028494901837,0.3616422616027586
ARG,2019,0.22268709513191656,0.18970372425327864,0.29623064469990107
ARG,2020,0.217516998566923,0.1782891456550417,0.3606876995391435
ARG,2021,0.33384985733021544,0.2875522862466849,0.2773556439638495
ARG,2022,0.43894326254174726,0.3884567511648427,0.23003661605172893
ARM,2009,0.5946056952409157,0.5153559515868837,0.2665623430395243
ARM,2010,0.5634093200111513,0.5048034634262207,0.2080400678631677
ARM,2011,0.7755444769445774,0.7001318171438765,0.19447668584477623
ARM,2012,0.4574519092356846,0.41829546886282,0.17119369088780304
ARM,2013,0.49337261180116254,0.44071166856391986,0.21347331399281633
ARM,2014,0.37772017520159273,0.35399869008443474,0.12560348466691063
ARM,2015,0.25384280727623887,0.22742254540965592,0.20816238324871397
ARM,2016,0.3800692817392647,0.3315097410887193,0.2555299414271435
ARM,2017,0.272916656682355,0.24402645576027276,0.21171445725064159
ARM,2018,0.2544913748653555,0.23298398982509286,0.16902250657132584
ARM,2019,0.21608100590855084,0.1951552115133094,0.19368471844394866
ARM,2020,0.05586877918109029,0.04828403530326595,0.27151994330284274
ARM,2021,0.2601021344966824,0.2243206615824382,0.2751340198225139
ARM,2022,0.8985614430060508,0.8109740979979801,0.19495015213440625
ATG,2009,0.5714285714285714,0.5578966933158399,0.04736157339456015
ATG,2010,0.5714285714285714,0.5541201634133314,0.06057942805334001
ATG,2011,0.5714285714285714,0.5510247284342591,0.07141345048009312
ATG,2012,0.5714285714285714,0.5503962234381012,0.07361321796664548
ATG,2013,0.5714285714285714,0.5424999753030451,0.10125008643934212
ATG,2014,0.554648101189832,0.5094476532929739,0.16298783967670297
ATG,2015,0.7,0.6255904244539073,0.21259878727455037
ATG,2016,0.7,0.6381136402597444,0.17681817068644462
ATG,2017,0.7,0.6434062812947982,0.16169633915771928
ATG,2018,0.7,0.6500889910450601,0.1426028827283995
ATG,2019,0.7,0.6617378657706874,0.10932038351232173
ATG,2020,1.0,0.9210368809494639,0.15792623810107217
ATG,2021,0.5714285714285714,0.5064146854989607,0.2275486007536373
ATG,2022,1.0,0.9174493177952358,0.1651013644095284
AUS,2009,0.36232140939910196,0.28389381512915646,0.4329172510121059
AUS,2010,0.27878209680039395,0.21898832287720538,0.42896423127199956
AUS,2011,0.36449521920409417,0.28655528277233655,0.4276595813900991
AUS,2012,0.3451517494299353,0.2712774304084949,0.4280686344105388
AUS,2013,0.25047056162103626,0.19660213352316458,0.4301377994223131
AUS,2014,0.32985709858725837,0.25871818132474644,0.43133173466444774
AUS,2015,0.3181122282002646,0.24961269271260858,0.4306626996088485
AUS,2016,0.3847925765888398,0.30131652285251775,0.4338755933200772
AUS,2017,0.40416814951392976,0.3160512991754682,0.4360405462154043
AUS,2018,0.37559696369105,0.2947847771512171,0.4303133110857922
AUS,2019,0.3804256942946218,0.2981227207277701,0.4326888262342866
AUS,2020,0.33299035795980464,0.2612966210020469,0.4306054829756474
AUS,2021,0.38551587914592933,0.30221409275388494,0.4321574850643811
AUS,2022,0.4958441128167966,0.3899067520483353,0.42730107318064614
AUT,2009,1.0,0.9893644731154451,0.021271053769109764
AUT,2010,1.0,0.9845338043679571,0.03093239126408567
AUT,2011,1.0,0.9870885338671079,0.025822932265784034
AUT,2012,1.0,0.981733553123092,0.0365328937538161
AUT,2013,0.4681303080832759,0.4616415389462943,0.02772206381402384
AUT,2014,0.04986975292874017,0.04911189806821326,0.030393367362770724
AUT,2015,0.2287068265819981,0.22472518081331305,0.03481877500720333
AUT,2016,0.6270722163659004,0.6165764255861322,0.03347554079367388
AUT,2017,0.5740833715105873,0.5674910973752746,0.022966260520545557
AUT,2018,0.6268719478219149,0.6203848527183592,0.020696715257702513
AUT,2019,0.5162449694939029,0.5102120690223922,0.02337223925852449
AUT,2020,0.3398568606658073,0.3313141435296599,0.0502724418710366
AUT,2021,1.0,0.9805753019007545,0.03884939619849109
AUT,2022,1.0,0.9849418771411794,0.030116245717641238
AZE,2009,0.5777067851497538,0.5131098554359316,0.22363223480948846
AZE,2010,0.5800925158510924,0.5038052573970712,0.26301755795657916
AZE,2011,0.411761315457651,0.35343166621670435,0.28331777197727437
AZE,2012,0.42595081205438223,0.3629771197447331,0.2956852788044884
AZE,2013,0.5791667957190975,0.46996048411800073,0.3771152366064269
AZE,2014,0.4312470089780923,0.344835780744488,0.40075050462782036
AZE,2015,0.45815738503405407,0.4164234880917079,0.18218148743469076
AZE,2016,0.4735371910336611,0.4286647686476628,0.18952016118543294
AZE,2017,0.4734825380364684,0.42663883002714326,0.1978687881651811
AZE,2018,0.4501705420252223,0.41207700462986985,0.16924047150654342
AZE,2019,0.43882117375713375,0.3984310669020944,0.18408458511344902
AZE,2020,0.215315574326752,0.1878976372395404,0.25467676616465773
AZE,2021,0.3190477565321157,0.27944990776871304,0.2482252136408095
AZE,2022,1.0,0.8836412430803071,0.23271751383938583
BDI,2009,0.01531536962116252,0.012505266314193353,0.36696513064708713
BDI,2010,0.014961441929125319,0.012536804247030974,0.32411818240250256
BDI,2011,0.015371893171703337,0.013721282594666179,0.21475696696560576
BDI,2012,0.013943924266937757,0.012664459799438898,0.1835156937179556
BDI,2013,0.46868681048483907,0.4212245425247606,0.20253297894592145
BDI,2014,0.3254321357928952,0.2947172062191209,0.18876396148732696
BDI,2015,0.006347027887401268,0.006125474758479026,0.06981318905562743
BDI,2016,0.006603287769580705,0.006444305632521689,0.04815241819125246
BDI,2017,0.22388658679085058,0.2197600542746879,0.036862704240675094
BDI,2018,0.03823710627120458,0.03801839960208916,0.01143949898113113
BDI,2019,0.09502145667156472,0.09342618824367932,0.0335770147872883
BDI,2020,0.05466921401988224,0.05412282728791637,0.019988827048699156
BDI,2021,0.048387415783553496,0.04572296946578887,0.11012972173108906
BDI,2022,0.06575438500384724,0.06456569093391265,0.03615558323190281
BEL,2009,0.5869021861732957,0.5861616028223953,0.002523702819132853
BEL,2010,0.5846656667166455,0.5835684175064751,0.0037534244702012998
BEL,2011,0.5837885534266306,0.5832662221967335,0.0017894534821939238
BEL,2012,0.5844249311447337,0.5824797893554187,0.006656600995802998
BEL,2013,0.5849324545251815,0.5848436591734514,0.0003036089074665088
BEL,2014,0.2829875213528943,0.2829875213528943,0.0
BEL,2015,0.5784520537418754,0.5776343503353548,0.0028272123894488967
BEL,2016,0.5773444745577072,0.5773444745577072,0.0
BEL,2017,0.5772112300403204,0.5769700078355816,0.0008358195134974475
BEL,2018,0.5770355558275044,0.5770355558275044,0.0
BEL,2019,0.5273317691905347,0.5268521982228183,0.001818858622732125
BEL,2020,0.573825010391306,0.57047512501357,0.011675633920004938
BEL,2021,1.0,0.9941005227023133,0.011798954595373357
BEL,2022,1.0,0.9960541313609398,0.007891737278120333
BEN,2009,0.12243214441520728,0.12243214441520728,0.0
BEN,2010,0.16396188279379628,0.16396188279379628,0.0
BEN,2011,0.1761283817563098,0.1761283817563098,0.0
BEN,2012,0.22223920963982252,0.22223920963982252,0.0
BEN,2013,0.24972624065111604,0.24972624065111604,0.0
BEN,2014,0.22764785708298146,0.22764785708298146,0.0
BEN,2015,0.13047794193011464,0.13047794193011464,0.0
BEN,2016,0.09717787596058478,0.09717787596058478,0.0
BEN,2017,0.13923326720275916,0.13923326720275916,0.0
BEN,2018,0.10515244605554812,0.10515244605554812,0.0
BEN,2019,0.13784650124522616,0.13784650124522616,0.0
BEN,2020,0.11744314802979613,0.11744314802979613,0.0
BEN,2021,0.23122073867516518,0.23122073867516518,0.0
BEN,2022,0.38380302202623573,0.38380302202623573,0.0
BFA,2009,0.08532767940530558,0.08532767940530558,0.0
BFA,2010,0.031318192158871376,0.031318192158871376,0.0
BFA,2011,0.19358412370165284,0.19358412370165284,0.0
BFA,2012,0.3156407841625735,0.3156407841625735,0.0
BFA,2013,0.41763698748393085,0.41763698748393085,0.0
BFA,2014,0.3076482402386131,0.3076482402386131,0.0
BFA,2015,0.20585598353131282,0.20585598353131282,0.0
BFA,2016,0.3486397598968255,0.3486397598968255,0.0
BFA,2017,0.020497660601381435,0.020497660601381435,0.0
BFA,2018,0.14267057701116378,0.14267057701116378,0.0
BFA,2019,0.07004724842558077,0.07004724842558077,0.0
BFA,2020,0.03265417051119473,0.03265417051119473,0.0
BFA,2021,0.03529338714153985,0.03529338714153985,0.0
BFA,2022,0.6198745672409806,0.6198745672409806,0.0
BGD,2009,0.06036024156582304,0.052903580374332654,0.24707194663423865
BGD,2010,0.0660499744973586,0.05926326204613728,0.20550234887653818
BGD,2011,0.07628600986097983,0.07172889831891532,0.11947437152288284
BGD,2012,0.08935937368117114,0.08135177197134254,0.17922242244891384
BGD,2013,0.13994521921251155,0.12325989257017433,0.23845511459737664
BGD,2014,0.09727342888532017,0.08384695413093525,0.27605636828560803
BGD,2015,0.09617625838246818,0.07953956767203627,0.34596252734790517
BGD,2016,0.0559229929999579,0.04503989993004096,0.3892171175432305
BGD,2017,0.038172792843318974,0.03163588722296232,0.34249029916084583
BGD,2018,0.0638575854354385,0.054874444254093456,0.28134922797628187
BGD,2019,0.05137990345274279,0.04388888132255337,0.2915934685272178
BGD,2020,0.04300087527694383,0.03336410079293324,0.44821294552474505
BGD,2021,0.05798086850058468,0.04882839424842413,0.31570669735891443
BGD,2022,0.007244605548327751,0.006526929845383319,0.19812692303450277
BGR,2009,0.4807169861862626,0.3896746528267994,0.37877726802101036
BGR,2010,0.38694336257091216,0.31709182374887057,0.36104270329351096
BGR,2011,0.3554631548438233,0.3063221084725723,0.2764902392926867
BGR,2012,0.320676483069647,0.2665466362593236,0.33759785745540355
BGR,2013,0.472294002550298,0.401281438096015,0.30071338645347434
BGR,2014,0.3964292512264246,0.3359338480296008,0.3052015107849406
BGR,2015,0.357543487345032,0.2886219694624078,0.38552802846113327
BGR,2016,0.33920837613441507,0.265059680351978,0.4371867029194751
BGR,2017,0.3333135482714415,0.26258281610045936,0.4244095839355497
BGR,2018,0.3262898007130451,0.26434244072324076,0.37970760872347215
BGR,2019,0.34635784417000914,0.28256134334873123,0.36838490535218554
BGR,2020,0.3291421249170038,0.23631342865737984,0.564064513365049
BGR,2021,0.6401160336414169,0.5023595963311004,0.4304108320070155
BGR,2022,1.0,0.8198568475985848,0.36028630480283047
BHR,2009,0.6386606328250667,0.5945595805656291,0.13810480869741407
BHR,2010,0.22551177399333738,0.20591121922893654,0.17383176423400337
BHR,2011,0.5795628468056649,0.5521145476974563,0.09472069943576793
BHR,2012,0.5981137629252046,0.5709368962831766,0.09087524255958823
BHR,2013,0.59760312133671,0.5733472068164369,0.08117733543967383
BHR,2014,0.5682669832832038,0.5393747736164871,0.10168533635295826
BHR,2015,0.6324575627592434,0.6152716494068062,0.05434645536519325
BHR,2016,0.4103010527580553,0.40343755051035896,0.0334559329134529
BHR,2017,0.5247745141490298,0.5165156144688824,0.031475993812466345
BHR,2018,0.5038237015387619,0.5004475247751011,0.013402214915055784
BHR,2019,0.33437235272406385,0.325977409747174,0.0502131405811394
BHR,2020,0.33231460204988383,0.3285371536212888,0.02273417060396266
BHR,2021,0.7638417322419958,0.7390181119052607,0.06499676382926566
BHR,2022,1.0,0.9772205730469303,0.04555885390613936
BHS,2009,0.6599225333375082,0.6151327235106512,0.13574262906385667
BHS,2010,0.7790712514415976,0.7257064728355672,0.13699588710861518
BHS,2011,0.761622059671344,0.7152873915898321,0.12167365031812848
BHS,2012,0.7549193707922224,0.7276530090114316,0.07223648732758607
BHS,2013,0.7490455644352944,0.7233707962847871,0.06855328799620743
BHS,2014,0.7466987927176537,0.7208606745400005,0.06920626745253973
BHS,2015,0.4872065277940146,0.4647397437585884,0.09222694177416645
BHS,2016,0.7956327961781217,0.7560295305815025,0.09955161674294048
BHS,2017,0.6347149506535474,0.5896983002859729,0.14184840083323141
BHS,2018,0.711208060372358,0.6691035508182418,0.11840279068848586
BHS,2019,0.6888373094034018,0.6270953050234422,0.17926440260163606
BHS,2020,0.614314073016838,0.49902219244286095,0.3753515852495113
BHS,2021,0.5060263915920177,0.44286764109969906,0.24962631017569617
BHS,2022,0.9183825876164295,0.8162199877674768,0.2224837474632562
BIH,2009,0.14308076984631396,0.120822681556081,0.3111262025517591
BIH,2010,0.35893124792910963,0.3070980450760064,0.28881967313885404
BIH,2011,0.3011405681953601,0.26731711264110697,0.22463566272021315
BIH,2012,0.22790225747034698,0.19858084272402182,0.2573157025453357
BIH,2013,0.19623404634207864,0.16759254341218716,0.29191165818354586
BIH,2014,0.25277775452895695,0.21989623764281827,0.2601614762138569
BIH,2015,0.2567362359355713,0.21620191487982807,0.3157662642208048
BIH,2016,0.18609610230484477,0.15556157437671012,0.32815870456132323
BIH,2017,0.30480911703196095,0.25057010727286344,0.35588836900446275
BIH,2018,0.2820364318530517,0.23470761272534887,0.3356220245500934
BIH,2019,0.2360449716818473,0.19222779318534072,0.37126127436059464
BIH,2020,0.2323205283913365,0.1711214731301648,0.5268501727758113
BIH,2021,0.3911451189618592,0.30783145206423673,0.42599875523818775
BIH,2022,0.6916130160998331,0.5790307472223762,0.32556434380698757
BLR,2009,0.2763189399243546,0.2645744148622453,0.0850070217070496
BLR,2010,0.18129156424325235,0.17661551564420958,0.05158594795694492
BLR,2011,0.4208684823750389,0.406198719713351,0.0697118614295073
BLR,2012,0.18255784101329112,0.17622500946100783,0.06937890497754334
BLR,2013,0.24689996284351792,0.24033232507716973,0.053200799957274066
BLR,2014,0.18478686667938662,0.18146535117628915,0.035949692343238276
BLR,2015,0.23933912036762156,0.23430784459398885,0.04204307065142345
BLR,2016,0.23072457595338253,0.22332852419761054,0.06411152106541404
BLR,2017,0.1984048367847354,0.18964346849547753,0.08831809174857702
BLR,2018,0.19950236300446186,0.19238907781827977,0.07131028504181691
BLR,2019,0.16553997733883238,0.15704789800905783,0.10259853198351851
BLR,2020,0.18807657043827983,0.17930063016307124,0.0933230572501165
BLR,2021,0.21400052921051624,0.2055173118968651,0.07928220873983008
BLR,2022,0.38321130933662895,0.3684111096593892,0.07724302136521022
BLZ,2009,1.0,0.9379826661359332,0.12403466772813367
BLZ,2010,0.9574730186773088,0.9027262143575719,0.11435686071940972
BLZ,2011,0.8959305137885564,0.8443997157619187,0.11503302373022913
BLZ,2012,1.0,0.933674241624243,0.13265151675151404
BLZ,2013,0.7733089618990324,0.7007562773060925,0.18764216676028353
BLZ,2014,1.0,0.892519710644205,0.21496057871158997
BLZ,2015,0.4369483731084181,0.39498171753277006,0.19208976693104673
BLZ,2016,0.22252239489767708,0.20399938552610067,0.16648220400552374
BLZ,2017,0.2002875754310121,0.18734298417428624,0.12926005249072034
BLZ,2018,0.9195596466818524,0.8668372312790441,0.11466883218082137
BLZ,2019,0.6762729807191713,0.6427611372296935,0.09910744461161296
BLZ,2020,0.6591062424172607,0.5914913096928464,0.20517157439273423
BLZ,2021,0.8941667849150832,0.8158211452397394,0.17523719511183608
BLZ,2022,0.8507879612351436,0.7860677122423997,0.15214190125301102
BMU,2009,0.16604399245670046,0.16604399245670046,0.0
BMU,2010,0.5914249914665963,0.5914249914665963,0.0
BMU,2011,0.6587747376695148,0.6587747376695148,0.0
BMU,2012,0.5165426734811301,0.5165426734811301,0.0
BMU,2013,0.21343620812359881,0.21343620812359881,0.0
BMU,2014,0.23709774682602222,0.23709774682602222,0.0
BMU,2015,0.38483107139250666,0.38483107139250666,0.0
BMU,2016,0.29480418007617465,0.29480418007617465,0.0
BMU,2017,0.5326055693278099,0.5326055693278099,0.0
BMU,2018,0.24605808075358945,0.24605808075358945,0.0
BMU,2019,0.11728435535332968,0.11728435535332968,0.0
BMU,2020,0.580980879333925,0.580980879333925,0.0
BMU,2021,0.1334782921533552,0.1334782921533552,0.0
BMU,2022,0.004744388760586966,0.004744388760586966,0.0
BOL,2009,0.1716783827310849,0.09326301195020047,0.9135147889144949
BOL,2010,0.24007476208780018,0.1343641878178009,0.8806471230102794
BOL,2011,0.26377802246818494,0.16125631231961646,0.7773332227550073
BOL,2012,0.04340688273930991,0.026834279845313197,0.7635933219866222
BOL,2013,0.03856466449610538,0.025044944707159265,0.7011454638902127
BOL,2014,0.15380735597658277,0.10350447501835812,0.654102408026353
BOL,2015,0.14487924738292826,0.09921827904782615,0.6303313850660234
BOL,2016,0.13052937334223352,0.09474255902551607,0.5483335037990016
BOL,2017,0.1687718556244664,0.1273532291200735,0.49082385627794883
BOL,2018,0.09766799806365134,0.07782676889618773,0.4062994954505542
BOL,2019,0.07832704691242308,0.06662464303104446,0.2988087600050337
BOL,2020,0.2214189249617677,0.18005115680418501,0.37366063596167887
BOL,2021,0.14407908835171132,0.12640828669746954,0.24529307974389197
BOL,2022,0.0,0.0,0.13367003551820028
BRA,2009,0.18015667876994193,0.1578304166073399,0.2478538382816481
BRA,2010,0.2957253980226861,0.2636076970661917,0.21721300349069494
BRA,2011,0.2582730812716855,0.22979150331315243,0.22055397967372703
BRA,2012,0.3302261701764944,0.29176901788839577,0.2329140193070987
BRA,2013,0.3859329891531239,0.341908328839147,0.2281466552552704
BRA,2014,0.3347477892753634,0.2962952147125674,0.22974057361833652
BRA,2015,0.26964315378239756,0.23368849538378378,0.26668326559946154
BRA,2016,0.39123583429797004,0.33478728553134196,0.28856532974756177
BRA,2017,0.3246032710002925,0.2809269612325213,0.2691057895576897
BRA,2018,0.33532808001837633,0.29332842685697963,0.2504988735753657
BRA,2019,0.39542429546675695,0.34804613865841966,0.23963199708005983
BRA,2020,0.40989715672013727,0.35456269991569156,0.26999190356534275
BRA,2021,0.37943281892935177,0.3362871522147843,0.22742190217657982
BRA,2022,0.40541989008814394,0.36568165851924206,0.19603493829699484
BRB,2009,0.5714285714285714,0.5147896498930317,0.198236225374389
BRB,2010,0.5714285714285714,0.5185426214348512,0.1851008249780207
BRB,2011,0.5714285714285714,0.5240602840763464,0.16578900573278732
BRB,2012,0.5714285714285714,0.5228364890780796,0.17007228822672155
BRB,2013,0.20670261824913638,0.19417840438908002,0.12118098905705252
BRB,2014,0.5714285714285714,0.5424240928443013,0.10151567504494557
BRB,2015,0.587749119852784,0.55863111761259,0.09908309942680092
BRB,2016,0.5882684220312772,0.5712343187467458,0.057912689672218014
BRB,2017,0.3533921114461632,0.34738161017864644,0.03401604661134306
BRB,2018,0.4179375544358023,0.4179375544358023,0.0
BRB,2019,0.39301753775512943,0.39301753775512943,0.0
BRB,2020,0.5040174944325042,0.5040174944325042,0.0
BRB,2021,0.4317156691688517,0.4317156691688517,0.0
BRB,2022,0.5105929419259992,0.5105929419259992,0.0
BRN,2009,0.03235783790094664,0.029240814038903752,0.19265958817054932
BRN,2010,0.0,0.0,0.1790837115748436
BRN,2011,0.0,0.0,0.21040446330165277
BRN,2012,0.0,0.0,0.24687520658540466
BRN,2013,0.0,0.0,0.23137031166234232
BRN,2014,0.0,0.0,0.3195505728035889
BRN,2015,0.009994478179620144,0.008051161922566875,0.38887798284775066
BRN,2016,0.0133677370777223,0.010167108824638237,0.4788586481728456
BRN,2017,0.016009106575231653,0.01227615062589827,0.46635406314413486
BRN,2018,0.08968357492016614,0.07575191669467789,0.3106847209846357
BRN,2019,0.16120862952939624,0.13318363940444192,0.34768597942635554
BRN,2020,0.18095980803051082,0.14925749687908177,0.3503795842454018
BRN,2021,0.1557379425942542,0.13273140388496601,0.29545194094707367
BRN,2022,,,0.27048859775481376
BTN,2009,0.11357084513929094,0.0694058701809514,0.77775198210725
BTN,2010,0.12084294328806824,0.08331743419096138,0.6210624812017806
BTN,2011,0.13015036826033957,0.10830363287560608,0.3357153064835515
BTN,2012,0.17538547792398504,0.13657454579764175,0.44257862835330736
BTN,2013,0.2167301463294103,0.16448832991625884,0.48209090703744184
BTN,2014,0.18570547951539051,0.12774627233269048,0.6242056759331821
BTN,2015,0.23833867033905123,0.1786036837620371,0.5012613898704519
BTN,2016,0.3031055000146871,0.2285719349013726,0.4917994896806752
BTN,2017,0.28845993248629653,0.21390629918161025,0.5169080687365689
BTN,2018,0.21827554075147101,0.1740041443243776,0.4056468835186705
BTN,2019,0.18694665730500365,0.13810688155318648,0.5224995884482173
BTN,2020,0.16063281490369852,0.10723024404948038,0.6649023848113933
BTN,2021,,,0.5495186937111658
BTN,2022,,,0.2774947214409042
BWA,2009,0.37273228284011206,0.1972068789907899,0.9418309705393343
BWA,2010,0.2813358754217264,0.18885169987951125,0.6574645014865599
BWA,2011,0.26039092381842893,0.18536554781135878,0.5762518516919238
BWA,2012,0.1945766597923606,0.1445079393836658,0.5146426139920878
BWA,2013,0.18679663464057605,0.14216859180517674,0.4778249128660178
BWA,2014,0.39875043714674535,0.29143890909767656,0.5382390490500041
BWA,2015,0.4278101879856059,0.31231298047067113,0.539946035688242
BWA,2016,0.27408646747279664,0.20057289625470293,0.5364261278269057
BWA,2017,0.2735700936037785,0.19157333743262733,0.5994570173296065
BWA,2018,0.3083784220208032,0.23896211056819194,0.45020213150924315
BWA,2019,0.23535958105787522,0.184627024415831,0.43110678914379125
BWA,2020,0.2018132763245823,0.16175816023046816,0.3969522404432136
BWA,2021,0.3474890666220593,0.2954223289925673,0.2996741056381004
BWA,2022,0.5869645492425314,0.5157292471947293,0.24272437624974152
CAF,2009,0.0844340819551514,0.0844340819551514,0.0
CAF,2010,0.08910442301822101,0.08910442301822101,0.0
CAF,2011,0.10844708594701734,0.10844708594701734,0.0
CAF,2012,0.11123209316650162,0.11123209316650162,0.0
CAF,2013,0.1154994736829839,0.1154994736829839,0.0
CAF,2014,0.14608077958255636,0.14608077958255636,0.0
CAF,2015,0.1406239782183946,0.1406239782183946,0.0
CAF,2016,0.1399382744810928,0.1399382744810928,0.0
CAF,2017,0.13469170312822548,0.13469170312822548,0.0
CAF,2018,0.12607698877221768,0.12607698877221768,0.0
CAF,2019,0.14358020926112433,0.14358020926112433,0.0
CAF,2020,0.13721837800135592,0.13721837800135592,0.0
CAF,2021,0.2092622449013914,0.2092622449013914,0.0
CAF,2022,,,0.0
CAN,2009,0.2407481432375927,0.194046413183678,0.387971673848592
CAN,2010,0.16946305000870823,0.13676776262479615,0.3858692190684868
CAN,2011,0.36406736793645605,0.29378906640591695,0.3860730607572904
CAN,2012,0.36367978956048624,0.2934687868253139,0.38611440476262726
CAN,2013,0.375574670202246,0.3029405073309972,0.38678946496650307
CAN,2014,0.2602343579764018,0.20984231434552697,0.38728201781445326
CAN,2015,0.24688200146567824,0.19873740034947057,0.39002115043125785
CAN,2016,0.19607496391594628,0.15772101589276102,0.3912171881324621
CAN,2017,0.3111202731903819,0.25035802476674,0.3906029510745513
CAN,2018,0.3479847918794507,0.2803361284663155,0.3888024131616079
CAN,2019,0.31299630765983,0.25212716155816334,0.38894481891345717
CAN,2020,0.28885860912307154,0.23217773918255707,0.392447156846656
CAN,2021,0.3773178492600794,0.3033650318315078,0.3919921497145873
CAN,2022,0.41933813112966817,0.33774700239363015,0.3891424255468354
CHE,2009,0.5959695273294848,0.5355921881984398,0.20261888020212537
CHE,2010,0.5915773146126352,0.47714904295285043,0.38685821390805825
CHE,2011,0.5900930527421359,0.47785512190066176,0.3804075656200645
CHE,2012,0.5890406260599254,0.39709289337881454,0.6517300307961551
CHE,2013,0.5253766111019345,0.3625437027412867,0.6198711740102746
CHE,2014,0.44194230230086545,0.3049807959959005,0.6198162320823695
CHE,2015,0.591283281130001,0.3697669076802357,0.7492732519898938
CHE,2016,0.5897981380356837,0.35662581526062137,0.7906851776495607
CHE,2017,0.5905742923722553,0.32830818058571254,0.8881731398536028
CHE,2018,0.5899948621170537,0.35125726566208537,0.8092870354779574
CHE,2019,0.5903593394887179,0.32773886790173673,0.8896970167844699
CHE,2020,0.5757674527374512,0.2878837263687256,1.0
CHE,2021,1.0,0.5,1.0
CHE,2022,0.8611562270236267,0.5151050174144793,0.8036897342197424
CHL,2009,0.411621456574477,0.36645258020320454,0.21946803622517114
CHL,2010,0.4075515164624564,0.37186123033528695,0.17514490652352785
CHL,2011,0.40742038392378277,0.36361025244737527,0.21506106815020432
CHL,2012,0.5848048924411079,0.522949717806676,0.21154123515018622
CHL,2013,0.4104346832770496,0.3670790081749104,0.21126711200901818
CHL,2014,0.4112859256543951,0.36426869686768343,0.22863524304607702
CHL,2015,0.41623827403112434,0.36027974538797836,0.26887738170354636
CHL,2016,0.41869371848207865,0.35850996805312524,0.2874834169814728
CHL,2017,0.20004934407997813,0.17623673025889475,0.23806740212618016
CHL,2018,0.23665388896235837,0.21193307889977184,0.20891953367830413
CHL,2019,0.41819155944053027,0.3708176550473306,0.2265655694083255
CHL,2020,0.4061535532880642,0.3534403966038971,0.25957254963016574
CHL,2021,0.5790103999483914,0.5134677542971722,0.22639540034880645
CHL,2022,1.0,0.9291295849580133,0.1417408300839733
CIV,2009,0.06449198987138591,0.06449198987138591,0.0
CIV,2010,0.0627979474192077,0.0627979474192077,0.0
CIV,2011,0.04172637838571072,0.04172637838571072,0.0
CIV,2012,0.04832013491825051,0.04832013491825051,0.0
CIV,2013,0.059507150551703115,0.059507150551703115,0.0
CIV,2014,0.07393262443861014,0.07393262443861014,0.0
CIV,2015,0.09434695388115497,0.09434695388115497,0.0
CIV,2016,0.11533000597568538,0.11533000597568538,0.0
CIV,2017,0.2471534459426284,0.2471534459426284,0.0
CIV,2018,0.11247642305637646,0.11247642305637646,0.0
CIV,2019,0.13574954154830426,0.13574954154830426,0.0
CIV,2020,0.08831564392478153,0.08831564392478153,0.0
CIV,2021,0.2409392453087919,0.2409392453087919,0.0
CIV,2022,0.39579561439984773,0.39579561439984773,0.0
CMR,2009,0.21558395175716402,0.1807662626448784,0.3230081722549053
CMR,2010,0.2720322405918092,0.22738216326379082,0.328270481696446
CMR,2011,0.240831288093053,0.21544197637911738,0.2108472857905872
CMR,2012,0.25780645339631764,0.22926777713811256,0.2213961356066869
CMR,2013,0.2331399860112457,0.20914302411902133,0.20585882587354049
CMR,2014,0.2334717210614239,0.2141136929401778,0.16582760458730852
CMR,2015,0.28668955936194246,0.25141059823694856,0.2461126327970291
CMR,2016,0.27519807689643316,0.2539448556598653,0.15445762903762025
CMR,2017,0.2865698403038092,0.2538762878301002,0.2281716208450179
CMR,2018,0.26971538331277944,0.24119169630003592,0.21150953024926727
CMR,2019,0.3098418128294997,0.27737364944863296,0.20957896601730364
CMR,2020,0.21680379615397602,0.185625641324725,0.28761631837025586
CMR,2021,0.30997739223391546,0.270390794764038,0.25541603008263647
CMR,2022,0.33360875538626755,0.2875269202900192,0.27626274402116746
COD,2009,0.20468108480741604,0.19899701583917223,0.05554073522320766
COD,2010,0.603562359970698,0.5924396940620091,0.036856724827004764
COD,2011,0.641359799669127,0.6321161903915546,0.028825034816154907
COD,2012,0.6338424228663592,0.6165700718619754,0.054500457467882485
COD,2013,0.596874348424999,0.5872300870911681,0.0323158847730002
COD,2014,0.5408576777346877,0.5335370575839307,0.02707041224382182
COD,2015,0.5191514858507417,0.5134212205184926,0.02207550392679267
COD,2016,0.5041647044789824,0.5041647044789824,0.0
COD,2017,0.5368571349414535,0.5368571349414535,0.0
COD,2018,0.529199373700684,0.529199373700684,0.0
COD,2019,0.7253083534701958,0.7226650448194131,0.007288785902260822
COD,2020,0.7096389760510355,0.7096389760510355,0.0
COD,2021,0.5991780134659128,0.5813860147154164,0.059388022759979314
COD,2022,0.41946432733551975,0.4090980095784306,0.04942645694301147
COG,2009,0.4655330941764997,0.3967914726713655,0.2953243168532799
COG,2010,0.5160297179199409,0.4321886085036693,0.3249468257534699
COG,2011,0.26933122555628825,0.22119581112052555,0.35744399362785906
COG,2012,0.19140827955458095,0.1502690373462265,0.42985854430213805
COG,2013,0.481496910888851,0.3802250438289507,0.42065427532214417
COG,2014,0.4603227748178274,0.383429381391592,0.334084679849551
COG,2015,0.4521840649995355,0.42537554786407744,0.1185734713384277
COG,2016,0.4534211303589834,0.44751705750837667,0.026042336606290628
COG,2017,0.6503947556399156,0.6503947556399156,0.0
COG,2018,0.6516240049271191,0.6516240049271191,0.0
COG,2019,0.6414374874037881,0.6199245213821475,0.06707735810301395
COG,2020,0.6442953253807442,0.5827375363323414,0.19108562990745107
COG,2021,0.2702735423688124,0.26304628330589763,0.05348106958284915
COG,2022,0.583459617441816,0.583459617441816,0.0
COL,2009,0.36805846517570745,0.31312965416040894,0.2984787266831429
COL,2010,0.3069352836011871,0.26579279151679414,0.2680857775729102
COL,2011,0.42064831099171296,0.3736963581316132,0.22323614113370222
COL,2012,0.30648903850922105,0.2694994914754604,0.2413759866498313
COL,2013,0.42513473600995627,0.36414283062768976,0.28692976704137463
COL,2014,0.38881551754100724,0.33105401702032444,0.29711520201654945
COL,2015,0.415106151892578,0.3379330833074666,0.3718232949969984
COL,2016,0.6489249774746811,0.509475752097826,0.42978535336866713
COL,2017,0.432733851456655,0.34508737661571076,0.40508259081609377
COL,2018,0.3848605329705382,0.31628803641000086,0.35634984980799106
COL,2019,0.41732172936701595,0.3351042791157475,0.3940242957201101
COL,2020,0.24363814068339945,0.1693782692267572,0.6095915134497825
COL,2021,0.3849049466840863,0.30426472279719785,0.4190137049762291
COL,2022,1.0,0.8506054669536952,0.2987890660926096
COM,2009,0.2750622248588353,0.22625806716724647,0.3548590339268548
COM,2010,0.28926784733344574,0.24305304780595186,0.3195294600040425
COM,2011,0.5965470564373596,0.507171487683074,0.29964297967723014
COM,2012,0.31181614130095237,0.25505316947747847,0.36407975280977234
COM,2013,0.0,0.0,0.0
COM,2014,0.4102440426204371,0.3479002617378312,0.30393509426430443
COM,2015,0.38224135151683425,0.2932755766126752,0.46549529270509016
COM,2016,0.337678763583074,0.27690571020892124,0.3599459600556239
COM,2017,0.3417213811658285,0.27049738773993,0.41685418209951225
COM,2018,0.34742826871095583,0.28885119574049706,0.3372038388689215
COM,2019,0.34446151692391347,0.28518925592892036,0.34414445784424447
COM,2020,0.18797252330397415,0.1378380939186093,0.53342295463355
COM,2021,0.0,0.0,0.4888250872290463
COM,2022,,,0.3562923659321281
CPV,2009,0.6838359073118042,0.6160477159131117,0.19825864852628633
CPV,2010,0.7,0.6382499362771294,0.17642875349391574
CPV,2011,0.6303249331701751,0.5926852865645211,0.11942934389838591
CPV,2012,0.6757061748010654,0.6216276796519399,0.16006512050906382
CPV,2013,0.6774389324982831,0.6023423638623204,0.221707271411222
CPV,2014,0.6600275177341911,0.587594872705391,0.2194837126714176
CPV,2015,0.629770023158481,0.5341922654803334,0.30353225515180005
CPV,2016,0.6251079450972634,0.5255848061753444,0.3184190497096745
CPV,2017,0.6337860160903411,0.5418729843494798,0.29004436641833314
CPV,2018,0.5731625491428645,0.5009285141621957,0.2520542735693078
CPV,2019,0.63473986611979,0.530887060893824,0.32722950225523295
CPV,2020,0.42073457414961757,0.3314376906504395,0.4244808436752011
CPV,2021,0.43379036733816084,0.34563458939156533,0.40644414714665056
CPV,2022,1.0,0.8385122473537495,0.322975505292501
CRI,2009,0.4872236419492426,0.4405067424880807,0.19176778562822186
CRI,2010,0.48178905785543463,0.43850604111074826,0.17967621322638608
CRI,2011,0.47918634023403567,0.4428496769903392,0.15165984583763187
CRI,2012,0.4775979866545017,0.4260302988929861,0.2159460014592568
CRI,2013,0.4866055632268168,0.4320114992574143,0.22438733995301705
CRI,2014,0.48157400286579716,0.4314507970069272,0.20816408510672083
CRI,2015,0.485438024379624,0.42989882798043666,0.22882095596102048
CRI,2016,0.4492189243222925,0.4023890101956881,0.20849484111673894
CRI,2017,0.4416056336364387,0.40262822701324896,0.17652585770805032
CRI,2018,0.4768996965085715,0.4364338341043889,0.16970387148675936
CRI,2019,0.36706333347671055,0.3290609393252151,0.20706178299831016
CRI,2020,0.3023133323838292,0.27365608457235047,0.18958639756644485
CRI,2021,0.5734725043181386,0.533522328261527,0.1393272589559025
CRI,2022,1.0,0.9300652424503352,0.13986951509932974
CUB,2009,0.16367867720014714,0.16367867720014714,0.0
CUB,2010,0.12924119149375968,0.12924119149375968,0.0
CUB,2011,0.10313830094152379,0.10313830094152379,0.0
CUB,2012,0.0994827943732856,0.0994827943732856,0.0
CUB,2013,0.09930697328714255,0.09930697328714255,0.0
CUB,2014,0.1012760121706329,0.1012760121706329,0.0
CUB,2015,0.1351559918719254,0.1351559918719254,0.0
CUB,2016,0.16306231121217565,0.16306231121217565,0.0
CUB,2017,0.17082251126909379,0.17082251126909379,0.0
CUB,2018,0.1387303626601429,0.1387303626601429,0.0
CUB,2019,0.15181221594079344,0.15181221594079344,0.0
CUB,2020,0.09343669967153162,0.09343669967153162,0.0
CUB,2021,0.0,0.0,0.0
CUB,2022,,,0.0
CUW,2009,0.30268549939734357,0.30268549939734357,0.0
CUW,2010,0.3773617087242466,0.3773617087242466,0.0
CUW,2011,0.4713637225013717,0.4713637225013717,0.0
CUW,2012,0.4159903553047222,0.4159903553047222,0.0
CUW,2013,0.23862121515121154,0.23862121515121154,0.0
CUW,2014,0.39771113326792246,0.39771113326792246,0.0
CUW,2015,0.7363060685235134,0.7363060685235134,0.0
CUW,2016,0.7611566886270416,0.7611566886270416,0.0
CUW,2017,0.5351238753034547,0.5351238753034547,0.0
CUW,2018,0.4877784610294955,0.4877784610294955,0.0
CUW,2019,1.0,1.0,0.0
CUW,2020,0.5714285714285714,0.5714285714285714,0.0
CUW,2021,1.0,1.0,0.0
CUW,2022,1.0,1.0,0.0
CYM,2009,1.0,1.0,0.0
CYM,2010,1.0,1.0,0.0
CYM,2011,1.0,1.0,0.0
CYM,2012,1.0,1.0,0.0
CYM,2013,1.0,1.0,0.0
CYM,2014,1.0,1.0,0.0
CYM,2015,1.0,1.0,0.0
CYM,2016,1.0,1.0,0.0
CYM,2017,0.7014455493291345,0.7014455493291345,0.0
CYM,2018,0.7094607256292188,0.7094607256292188,0.0
CYM,2019,0.7116455097449588,0.7116455097449588,0.0
CYM,2020,1.0,1.0,0.0
CYM,2021,1.0,1.0,0.0
CYM,2022,1.0,1.0,0.0
CYP,2009,0.6870948388049407,0.6870948388049407,0.0
CYP,2010,0.6675910051750011,0.6675910051750011,0.0
CYP,2011,0.6750071572225284,0.6750071572225284,0.0
CYP,2012,0.6825627242607424,0.6825627242607424,0.0
CYP,2013,0.6899104661446169,0.6899104661446169,0.0
CYP,2014,0.6844079014848728,0.6844079014848728,0.0
CYP,2015,0.6782086125010254,0.6782086125010254,0.0
CYP,2016,0.6860566323583412,0.6860566323583412,0.0
CYP,2017,0.6859080627385507,0.6859080627385507,0.0
CYP,2018,0.6772829768571687,0.6772829768571687,0.0
CYP,2019,0.6669192730548613,0.6669192730548613,0.0
CYP,2020,0.5832916179066211,0.5832916179066211,0.0
CYP,2021,1.0,1.0,0.0
CYP,2022,1.0,1.0,0.0
CZE,2009,0.18047348484127337,0.14888047888037578,0.35011243882926835
CZE,2010,0.31406329121804233,0.25976071622346647,0.3458065715606069
CZE,2011,0.12871227654390713,0.10690569071926616,0.3388423608093386
CZE,2012,0.1985376342501615,0.1644253125611455,0.34363582318134955
CZE,2013,0.2278058176585986,0.1876480726959725,0.3525611889579445
CZE,2014,0.2675030186938277,0.22085213084757377,0.3487877488190031
CZE,2015,0.15068540694073662,0.12336919239641583,0.3625595218396168
CZE,2016,0.17205482244971054,0.1393529356471947,0.3801333358392113
CZE,2017,0.27143159309908,0.21474610345078804,0.4176779055163281
CZE,2018,0.15773562573534855,0.1259838982340906,0.4025942440489829
CZE,2019,0.24743270689650815,0.19680360499162616,0.40923532333224033
CZE,2020,0.18667264642659886,0.1460470115364395,0.43526071620925655
CZE,2021,0.3125004570058774,0.24804137182341476,0.41253754186510094
CZE,2022,0.20369531964185594,0.16456301255819517,0.3842239198471966
DEU,2009,0.2639917363130458,0.16869130149695344,0.7219955908247332
DEU,2010,0.3325189363342659,0.21221779544610503,0.7235746764643063
DEU,2011,0.2903563223689108,0.18551877421756469,0.7221302935373682
DEU,2012,0.26546747530266257,0.16923067644385717,0.7250364569074587
DEU,2013,0.2545321859493359,0.16288951005106328,0.7200871320573493
DEU,2014,0.2197953571383419,0.14074523868393035,0.7193065357122755
DEU,2015,0.2884361935133845,0.18460461459440036,0.7199622048414392
DEU,2016,0.27718786411738633,0.17727278809390676,0.7209195564288235
DEU,2017,0.33657382233432626,0.21524996470889335,0.7209346037905421
DEU,2018,0.41146505143974943,0.26353920011950277,0.7190202463253786
DEU,2019,0.3173981219828151,0.2028776765097859,0.7216201832424811
DEU,2020,0.3708538543957585,0.23594072511328112,0.7275811087485917
DEU,2021,0.36146663093322423,0.2304185666217369,0.7250908000727544
DEU,2022,0.2921642417582947,0.1866273651638735,0.7224489619898871
DJI,2009,0.0,0.0,0.23729292009330522
DJI,2010,,,0.29257700085455346
DJI,2011,0.0,0.0,0.19711082699536586
DJI,2012,0.0,0.0,0.1885865666711005
DJI,2013,0.30789953852884877,0.30244494915568426,0.035430968160762355
DJI,2014,0.26785744821129454,0.2616134197013307,0.04662202639247416
DJI,2015,0.21175181589847525,0.2070817197693887,0.04410914833736905
DJI,2016,0.22659240928344754,0.22025947188838146,0.05589717162276277
DJI,2017,0.20759453881780565,0.20269799029386762,0.047174155464999645
DJI,2018,0.20224012345252634,0.1988861499496976,0.03316823037458286
DJI,2019,0.425998646400819,0.4191891306203273,0.03196965923729568
DJI,2020,0.37792539828494365,0.36050624399909015,0.09218303064521755
DJI,2021,0.34242912877508686,0.33661173483976914,0.033977214240665035
DJI,2022,,,0.03893484343407277
DMA,2009,0.5714285714285714,0.5392716448513525,0.11254924302026612
DMA,2010,0.5714285714285714,0.5410286621388501,0.10639968251402442
DMA,2011,0.5714285714285714,0.5368228947854506,0.12111986825092246
DMA,2012,0.5714285714285714,0.5270483686173616,0.15533070983923453
DMA,2013,0.5714285714285714,0.5348870361867117,0.12789537334650877
DMA,2014,0.2233126855364345,0.20658890698553112,0.14977902854672195
DMA,2015,0.2999283334730208,0.2699206716550674,0.20009888009231833
DMA,2016,0.5714285714285714,0.4643771765239506,0.3746798821661727
DMA,2017,0.40529415170166416,0.3266324124142642,0.3881711046514316
DMA,2018,0.5714285714285714,0.49818405423631207,0.2563558101729078
DMA,2019,0.5714285714285714,0.5170897900825455,0.1901857347110908
DMA,2020,0.42362795523997443,0.35423285769912816,0.3276228430276075
DMA,2021,0.5335729065281292,0.43817906172387394,0.35756629932718004
DMA,2022,0.4579911679949163,0.3792831201681539,0.34370989367042115
DNK,2009,0.3025544940960938,0.25913549471675906,0.2870160597617468
DNK,2010,0.37002352576972636,0.3180943465699826,0.2806804193961463
DNK,2011,0.5843212727089883,0.5064274796347463,0.26661289503671975
DNK,2012,0.5842558955130395,0.4970995997407431,0.2983497349077283
DNK,2013,0.21211279943840658,0.18250029384925454,0.27921469772267044
DNK,2014,0.46945732244819266,0.41587722142163663,0.22826399105732934
DNK,2015,0.30498903238354647,0.270793539076924,0.22424080655870335
DNK,2016,0.5910150747939408,0.5258117269366102,0.22064867932535911
DNK,2017,0.41893274110574613,0.36889399842970444,0.2388867604091656
DNK,2018,0.42859700650612187,0.38683724458322766,0.1948672589354529
DNK,2019,0.45752013388746066,0.41540241727510596,0.1841130629792774
DNK,2020,0.49811946758937126,0.44403164591707095,0.2171680698771164
DNK,2021,1.0,0.9017340278318685,0.19653194433626303
DNK,2022,1.0,0.9001519180494052,0.19969616390118952
DOM,2009,0.6792951324089589,0.6332382784607352,0.13560189599738162
DOM,2010,0.39824202550128607,0.37983534345558323,0.0924396767143472
DOM,2011,0.5656400548661157,0.5420494505094592,0.0834120715239671
DOM,2012,0.7620732511057152,0.7373742138396687,0.06482063825284497
DOM,2013,0.49239079602874386,0.46769322562707855,0.10031694581156869
DOM,2014,0.5669113993609713,0.5387079230853457,0.09949870934829298
DOM,2015,0.5168243065098155,0.4874203115212005,0.11378719854406294
DOM,2016,0.38891079635853987,0.36327387864747074,0.13183957838719537
DOM,2017,0.47323189097345664,0.4386460066639484,0.14616886549367483
DOM,2018,0.3901976871100434,0.36170823151902953,0.14602575326377704
DOM,2019,0.3204709044121479,0.293665149527173,0.16728978834534594
DOM,2020,0.3068709109674397,0.2670753152908879,0.25936375364541625
DOM,2021,0.3518566316649953,0.312610799668376,0.22307854088699086
DOM,2022,0.5997224837732466,0.5411044548860648,0.19548384618958192
DZA,2009,0.12126978810756538,0.06063489405378269,1.0
DZA,2010,0.08106791343577116,0.04053395671788558,1.0
DZA,2011,0.11508787492008118,0.05754393746004059,1.0
DZA,2012,0.027683103878140613,0.013841551939070306,1.0
DZA,2013,0.04056752420291402,0.02028376210145701,1.0
DZA,2014,0.024601624458981293,0.012300812229490646,1.0
DZA,2015,0.003347208240825157,0.0016736041204125785,1.0
DZA,2016,0.046123844495378354,0.023061922247689177,1.0
DZA,2017,0.025715813208403132,0.012857906604201566,1.0
DZA,2018,0.06472249108988569,0.0370545697044697,0.8549708430409815
DZA,2019,0.031418565553897104,0.01927136309258326,0.7732499716115859
DZA,2020,0.02951428446120605,0.017298266274476063,0.8278037844886178
DZA,2021,0.019809766884604257,0.01253881026657376,0.734077958653954
DZA,2022,0.0,0.0,0.8778885159173849
ECU,2009,0.05483933162121079,0.052030649689701315,0.102433120480379
ECU,2010,0.12724507618944528,0.12483655871612023,0.03785635633930841
ECU,2011,0.20265296898569,0.19911034874360864,0.034962431192720266
ECU,2012,0.24904029833318525,0.24641697660785825,0.021067447661159866
ECU,2013,0.28172107450408485,0.27359393609746707,0.057696346792117215
ECU,2014,0.2901694290095016,0.2833750134222398,0.046830678272722484
ECU,2015,0.28358601762030855,0.27953970996029964,0.028536721901617063
ECU,2016,0.28957429540352736,0.2759635317654816,0.09400533026647868
ECU,2017,0.2643754339641253,0.261683179510783,0.02036690333117406
ECU,2018,0.2579228340939695,0.25632343886166925,0.012402122037148067
ECU,2019,0.23603337987314219,0.23243194774339831,0.030516295039959885
ECU,2020,0.18882308326612868,0.17308051499021446,0.1667441078030329
ECU,2021,0.3329632691166974,0.30974556772504896,0.13946103696808082
ECU,2022,,,0.11036659239842811
EGY,2009,0.362760482880732,0.2946570385810082,0.37547333578842296
EGY,2010,0.3528393435155639,0.2930851936093117,0.3387045747839991
EGY,2011,0.09140267648728072,0.08465931710655702,0.14755277722446286
EGY,2012,0.15730686372725378,0.14921154000326903,0.10292397333686339
EGY,2013,0.1475904274686853,0.13899477336501387,0.11647983207441037
EGY,2014,0.17082250698023857,0.16334959012389713,0.0874933518825587
EGY,2015,0.2006547566188879,0.18971513889070976,0.10903920657067905
EGY,2016,0.20171034106353714,0.18344206407047384,0.18113376732935013
EGY,2017,0.31288649610947433,0.26846166927124687,0.2839676840683077
EGY,2018,0.3491513394792873,0.29826567263686093,0.2914820084512095
EGY,2019,0.3358996399817863,0.2871154301710627,0.29046896158250607
EGY,2020,0.16402731661090691,0.14146471839485675,0.2751078135304919
EGY,2021,0.1485712272966838,0.13305021520909388,0.20893698423310172
EGY,2022,0.39070030238046854,0.36141599504105687,0.14990675543882362
ERI,2009,0.256667186005291,0.256667186005291,0.0
ERI,2010,0.11788752393476969,0.11788752393476969,0.0
ERI,2011,0.17963264021173367,0.17963264021173367,0.0
ERI,2012,0.22999845799737156,0.22999845799737156,0.0
ERI,2013,0.3110183259126878,0.3110183259126878,0.0
ERI,2014,0.3231146800919854,0.3231146800919854,0.0
ERI,2015,0.4019086303279183,0.4019086303279183,0.0
ERI,2016,0.46945916854824254,0.46945916854824254,0.0
ERI,2017,0.45574218144061995,0.45574218144061995,0.0
ERI,2018,1.0,1.0,0.0
ERI,2019,1.0,1.0,0.0
ERI,2020,,,0.0
ERI,2021,1.0,1.0,0.0
ERI,2022,,,0.0
ESP,2009,0.19806804929651053,0.1975897176722862,0.004829972586929129
ESP,2010,0.9288598263494638,0.9248193252743543,0.008699915661094348
ESP,2011,0.780783456713354,0.7720109782059711,0.022470964086022192
ESP,2012,0.24681474520734736,0.24226187574401142,0.03689301025764179
ESP,2013,1.0,0.9853547453560827,0.02929050928783451
ESP,2014,0.9796020138335303,0.9635874248491589,0.03269611282586209
ESP,2015,1.0,0.975685697606098,0.04862860478780406
ESP,2016,1.0,0.9688356682435717,0.06232866351285659
ESP,2017,1.0,0.969777655224523,0.060444689550954035
ESP,2018,1.0,0.973915486313956,0.0521690273720881
ESP,2019,0.8644487794606407,0.838338261553762,0.060409635659778305
ESP,2020,1.0,0.9547422715880073,0.09051545682398553
ESP,2021,1.0,0.9612812009589236,0.07743759808215281
ESP,2022,1.0,0.9691848559127106,0.0616302881745787
EST,2009,1.0,0.9125720515476505,0.17485589690469905
EST,2010,1.0,0.9627631337918637,0.0744737324162725
EST,2011,1.0,1.0,0.0
EST,2012,1.0,1.0,0.0
EST,2013,0.6232902108771228,0.6232902108771228,0.0
EST,2014,0.6292159195872026,0.6292159195872026,0.0
EST,2015,0.6019765996795304,0.6019765996795304,0.0
EST,2016,0.5707350470280792,0.5707350470280792,0.0
EST,2017,0.628950276998385,0.628950276998385,0.0
EST,2018,0.5191176855869212,0.5191176855869212,0.0
EST,2019,0.6267601287625723,0.6257545746347085,0.0032087367454245387
EST,2020,0.5879615193062577,0.5824296822819971,0.018817003639243945
EST,2021,1.0,0.9939919827146217,0.012016034570756524
EST,2022,1.0,0.9978301333072863,0.004339733385427333
ETH,2009,0.4144255639157337,0.3946731638747139,0.09532423557266906
ETH,2010,0.4176730150234603,0.393777834389047,0.11442051449299948
ETH,2011,0.4667814970734751,0.4377493913855492,0.12439270138146025
ETH,2012,0.3992713661148607,0.3848412767845811,0.07228211464645058
ETH,2013,0.5248602727198136,0.505439730438783,0.07400271382855417
ETH,2014,0.44219375121341786,0.42175742269329464,0.09243155727119244
ETH,2015,0.4662525529448483,0.44494915960440273,0.0913813477519574
ETH,2016,0.4555973086794657,0.44116109915478763,0.0633726725318942
ETH,2017,0.46924956456788597,0.45354262178542165,0.06694494345211902
ETH,2018,0.5336632052172844,0.5082015573444778,0.0954221599836165
ETH,2019,0.5123156388708507,0.49573436117303205,0.06473071067814362
ETH,2020,0.38346944235439634,0.3684478577423989,0.07834566697032784
ETH,2021,0.30728333888551074,0.30493680429817593,0.015272774604998181
ETH,2022,,,0.0
FIN,2009,0.5088411180014898,0.49863060664448344,0.04013241460166925
FIN,2010,0.5924576222006257,0.5858344123831648,0.02235842554564376
FIN,2011,0.3528936858859485,0.34998340917406573,0.016493787382885112
FIN,2012,0.5300077200874507,0.5236903616238642,0.02383874130189724
FIN,2013,0.46524872961886565,0.4595164589446577,0.024641746701399365
FIN,2014,0.5968089451216768,0.5903536176253503,0.021632810798472187
FIN,2015,0.5931871912923179,0.5839631606149036,0.031099898355251863
FIN,2016,0.5928972225060569,0.583606540932018,0.031339939609664844
FIN,2017,0.5968335999225965,0.5892508907213019,0.025409793290049627
FIN,2018,0.5173643718106713,0.5128860831303742,0.01731193303715107
FIN,2019,0.5974910575618902,0.5907566983558565,0.02254212551235098
FIN,2020,0.2826946239999673,0.2767330195767165,0.04217699182883301
FIN,2021,1.0,0.9779748494585188,0.044050301082962554
FIN,2022,1.0,0.9843393804196108,0.03132123916077844
FJI,2009,0.6266091304681419,0.5707355764877716,0.17833622672758373
FJI,2010,0.6137901674774108,0.5570031097045627,0.18503736547698285
FJI,2011,0.5969524149235748,0.5455107404659773,0.17234765509469735
FJI,2012,0.589298603205548,0.5343959238252353,0.18633229090197825
FJI,2013,0.5879296345112325,0.5381698587398299,0.16927119454616246
FJI,2014,0.5976060234243177,0.5496329625554052,0.1605507942976347
FJI,2015,0.568068748616907,0.5157194323846136,0.18430627053415535
FJI,2016,0.6293652232570103,0.5732179812824479,0.17842499044988963
FJI,2017,0.6298267488218798,0.5682450190243926,0.1955513318946163
FJI,2018,0.63428907356775,0.5884791896789907,0.14444481482579474
FJI,2019,0.6253776020448651,0.5778257489364567,0.15207405238986185
FJI,2020,0.4816879943080722,0.4148215638287043,0.2776337848130061
FJI,2021,0.5812984178380551,0.4740424055776101,0.369022206044695
FJI,2022,0.3821284063414253,0.33586816083060045,0.24211885189970467
FRA,2009,0.42461216679497105,0.4101954745467565,0.06790522446416788
FRA,2010,0.44481734762801384,0.4254752891957135,0.08696629542638921
FRA,2011,0.4017191488201978,0.38713828734343364,0.0725923149025206
FRA,2012,0.3376309995056456,0.3225523189961339,0.08932047431420512
FRA,2013,0.2503025116195921,0.24291384135199975,0.05903792350930607
FRA,2014,0.2494864570916007,0.24250336620466859,0.05597971904637875
FRA,2015,0.534016060848876,0.516467005560211,0.06572482206160198
FRA,2016,0.4667703990162933,0.4500586514553334,0.07160585845280458
FRA,2017,0.38117050136334285,0.3677205491321758,0.07057184217068362
FRA,2018,0.6130717606806236,0.5927408461673098,0.06632474635837969
FRA,2019,0.5363139469072213,0.5137009404969349,0.08432749713368289
FRA,2020,0.17752460362476605,0.16618205915601733,0.12778560534317226
FRA,2021,1.0,0.9439104116377722,0.11217917672445558
FRA,2022,1.0,0.954500098161922,0.090999803676156
FSM,2009,0.006826445813835956,0.006439802584035326,0.11327804844417713
FSM,2010,0.006438134079303671,0.00607797463301412,0.11188317666366618
FSM,2011,0.006065623774661486,0.00560223632628553,0.15279135851178555
FSM,2012,0.005729904611218507,0.005304705832509457,0.1484139117696862
FSM,2013,0.005935719703456639,0.005426589949912793,0.17154777482075395
FSM,2014,0.5739543633928327,0.49953966826837737,0.25930526839996687
FSM,2015,0.0059784659149214716,0.0059784659149214716,0.0
FSM,2016,0.00567061475895907,0.00567061475895907,0.0
FSM,2017,0.00506753349165542,0.00506753349165542,0.0
FSM,2018,0.004581728030661593,0.004581728030661593,0.0
FSM,2019,0.023029650719931842,0.023029650719931842,0.0
FSM,2020,0.02443774874601823,0.02443774874601823,0.0
FSM,2021,0.023235846878762966,0.023235846878762966,0.0
FSM,2022,,,0.0
GAB,2009,0.4382558849742289,0.3947862068789301,0.19837578723149357
GAB,2010,0.4458186812262951,0.4154858859463096,0.13607682476001365
GAB,2011,0.4417223371706457,0.4079970615432885,0.15269898209529967
GAB,2012,0.5714285714285714,0.5234402966780466,0.1679589616268367
GAB,2013,0.25704044160028605,0.22774546709834873,0.22794058646610044
GAB,2014,0.44999821514733845,0.40379347214661704,0.20535522784503957
GAB,2015,0.06188932225504981,0.05565870762916252,0.20134699812062987
GAB,2016,0.6506568334796481,0.6506568334796481,0.0
GAB,2017,0.636550819925876,0.636550819925876,0.0
GAB,2018,0.6333752504128799,0.6333752504128799,0.0
GAB,2019,0.6301131795614151,0.6301131795614151,0.0
GAB,2020,0.12988837648561175,0.12988837648561175,0.0
GAB,2021,0.12709136526953876,0.12709136526953876,0.0
GAB,2022,,,0.0
GBR,2009,0.414009003312798,0.4103393564547149,0.01772737707981938
GBR,2010,0.8252852890779296,0.8140328554541971,0.027269197143462
GBR,2011,0.6758934367687356,0.6670412293190975,0.026194092050836112
GBR,2012,0.33579747796176734,0.3305052073552187,0.03152060961667628
GBR,2013,0.5977744603832958,0.58858099356055,0.03075898162946251
GBR,2014,0.9614964670055146,0.9463964508142713,0.031409405462031005
GBR,2015,0.5942690598972752,0.5789664158054318,0.051500726268631766
GBR,2016,1.0,0.9762899302616924,0.0474201394766151
GBR,2017,1.0,0.9736844328316621,0.05263113433667598
GBR,2018,0.27979897653738983,0.2721811429391112,0.054452190587342
GBR,2019,0.20387208780655752,0.1979613080435207,0.0579851791054913
GBR,2020,1.0,0.9589376528273819,0.08212469434523627
GBR,2021,1.0,0.9646268078354914,0.07074638432901714
GBR,2022,1.0,0.9786308175354547,0.042738364929090604
GEO,2009,0.4699338903468385,0.4208625439756502,0.20884361557737754
GEO,2010,0.47611633792154195,0.43221667352717075,0.18440730089630022
GEO,2011,0.4854149448517603,0.4441437181402909,0.17004514240521837
GEO,2012,0.5114315275912847,0.47322538248570745,0.14940864238666982
GEO,2013,0.5146525259551898,0.47753056501043095,0.1442602885349135
GEO,2014,0.5228836044241946,0.4903446759033326,0.12445954795883969
GEO,2015,0.5474859164912673,0.5103270558883652,0.13574362183066227
GEO,2016,0.5647282975055526,0.5232467078075699,0.14690813221582882
GEO,2017,0.5729133174031302,0.5314553659799293,0.1447267855846648
GEO,2018,0.574221047796007,0.5348384231110993,0.13716886497305297
GEO,2019,0.5628393966483439,0.5234335314380602,0.14002525567663546
GEO,2020,0.2788052634288852,0.24959270350355628,0.2095552972426586
GEO,2021,1.0,0.9109822631961041,0.1780354736077918
GEO,2022,1.0,0.928360373914289,0.14327925217142187
GHA,2009,0.45926432448562055,0.4189820309858946,0.1754209563080799
GHA,2010,0.07312071137596036,0.06575002193879552,0.20160332957559482
GHA,2011,0.4335715668562018,0.40003045926763736,0.15472005155581933
GHA,2012,0.4433132197892226,0.41544469559484665,0.12572836969592882
GHA,2013,0.38807212800765434,0.36494616049885836,0.11918386217285776
GHA,2014,0.4407682391781883,0.4096978580579622,0.1409828493003796
GHA,2015,0.43443104441295727,0.404716688210075,0.13679665201198957
GHA,2016,0.4370468863554721,0.4058397654153417,0.14280902994351982
GHA,2017,0.4073527182915409,0.3766291386496817,0.15084509449557892
GHA,2018,0.3498110646265703,0.32950684304771544,0.11608678873854365
GHA,2019,0.45536184339656455,0.4267319034986844,0.1257458889586713
GHA,2020,0.2614232637539432,0.24203988342145652,0.14829116624242508
GHA,2021,0.35586515211186504,0.3232916971214129,0.18306628113006557
GHA,2022,0.3050731165972174,0.2938175664568766,0.07378919693668938
GIN,2009,0.13062931576890935,0.12151451717859559,0.13955211411255292
GIN,2010,0.0,0.0,0.07069796353600763
GIN,2011,0.40098190659446,0.36318116893957364,0.18854086447903876
GIN,2012,0.5025703651987332,0.4725513454895932,0.11946195712224092
GIN,2013,0.17670606918839724,0.16443363767027766,0.13890220720189514
GIN,2014,0.17459269084107917,0.15945571740001505,0.17339756169795642
GIN,2015,0.15309265524914129,0.14416880795458747,0.11658099835072082
GIN,2016,0.5173526506696269,0.4993339235441123,0.06965742652402505
GIN,2017,0.493762086183339,0.46525632286981744,0.11546355668522135
GIN,2018,0.44246868203704737,0.40887343369881946,0.15185367779505365
GIN,2019,0.18762273297716922,0.1718102961368865,0.16855566049351658
GIN,2020,0.2786550472458487,0.26210287846112035,0.118800423307064
GIN,2021,0.35172015222960756,0.3153199574086367,0.2069838454818381
GIN,2022,0.5516121785996854,0.4977591786553943,0.195256747525051
GMB,2009,0.39684435390866585,0.3215537452049849,0.3794465410033736
GMB,2010,0.43428762218413225,0.3557620858413328,0.3616291707687937
GMB,2011,0.7936038518633659,0.6658224754507881,0.32202811544462556
GMB,2012,0.5707999217535964,0.4787199650979816,0.3226347907432405
GMB,2013,0.7021087645486086,0.5902334147158623,0.3186838150487179
GMB,2014,0.5178959282519434,0.4694490151258187,0.1870913072811666
GMB,2015,0.7919893814673914,0.7374205270272441,0.137801985019149
GMB,2016,0.5273967835010619,0.49844277568354783,0.10979971332136795
GMB,2017,0.5198652106199098,0.47931913268373966,0.1559868870156599
GMB,2018,0.5520646064431354,0.5128783364821589,0.1419626235901897
GMB,2019,0.4544544502989927,0.4040295709945359,0.22191389817519197
GMB,2020,0.5298408207686945,0.4444762728505301,0.32222714661477886
GMB,2021,0.5714285714285714,0.42163113876019304,0.5242910143393243
GMB,2022,1.0,0.799888007470131,0.40022398505973805
GNB,2009,0.20359914231642914,0.20359914231642914,0.0
GNB,2010,0.23645707290086668,0.23645707290086668,0.0
GNB,2011,0.162610138599339,0.162610138599339,0.0
GNB,2012,0.03830908051358737,0.03830908051358737,0.0
GNB,2013,0.15123907205105233,0.15123907205105233,0.0
GNB,2014,0.25658756771068353,0.25658756771068353,0.0
GNB,2015,0.15596179294668425,0.15596179294668425,0.0
GNB,2016,0.17136682684075485,0.17136682684075485,0.0
GNB,2017,0.06898682941104073,0.06898682941104073,0.0
GNB,2018,0.09157640814662357,0.09157640814662357,0.0
GNB,2019,0.32822890943175037,0.32822890943175037,0.0
GNB,2020,0.09713053922928779,0.09713053922928779,0.0
GNB,2021,0.07338269060658724,0.07338269060658724,0.0
GNB,2022,0.16018116482986852,0.16018116482986852,0.0
GNQ,2009,0.17080248782011354,0.17080248782011354,0.0
GNQ,2010,0.23950509893362862,0.23950509893362862,0.0
GNQ,2011,0.20676954580393042,0.20676954580393042,0.0
GNQ,2012,0.21644497641454602,0.21644497641454602,0.0
GNQ,2013,0.23208761389865978,0.23208761389865978,0.0
GNQ,2014,0.23404920260720413,0.23404920260720413,0.0
GNQ,2015,0.7700805767013552,0.7700805767013552,0.0
GNQ,2016,0.8115713075802821,0.8115713075802821,0.0
GNQ,2017,0.5674472448844137,0.5674472448844137,0.0
GNQ,2018,0.4800125309030354,0.4800125309030354,0.0
GNQ,2019,0.8525915014022442,0.8525915014022442,0.0
GNQ,2020,0.3229931481361852,0.3229931481361852,0.0
GNQ,2021,0.8329656971986946,0.8329656971986946,0.0
GNQ,2022,1.0,1.0,0.0
GRC,2009,0.29128310337177094,0.29128310337177094,0.0
GRC,2010,0.17391334668671482,0.1732124458621526,0.008060345429667685
GRC,2011,0.2101079297649507,0.20926322895722888,0.008040637101767919
GRC,2012,0.19555983980092803,0.1928970329940986,0.027232654818494864
GRC,2013,0.2735855851368077,0.2725317091905327,0.007704177438646906
GRC,2014,0.37587612212259236,0.37397772222851866,0.010101199742901208
GRC,2015,0.28961566972794744,0.2868822335146235,0.018876300553016322
GRC,2016,0.3768382562358853,0.3714640372979682,0.028522682339093986
GRC,2017,0.32019325386853614,0.315659760303956,0.028317233482011497
GRC,2018,0.34718336768431146,0.34431284294488224,0.016536072903350324
GRC,2019,0.41957417084104554,0.41432722857139065,0.025010797300211652
GRC,2020,0.23869854762957163,0.23115063174564904,0.0632422439003352
GRC,2021,0.6053004710317358,0.5902253543414491,0.04981035836496575
GRC,2022,0.8339223960177781,0.8247466977943929,0.022006120155068958
GRD,2009,1.0,0.9302577953579716,0.13948440928405692
GRD,2010,0.5714285714285714,0.5372162883383517,0.11974299081576913
GRD,2011,0.5714285714285714,0.5380335701590724,0.11688250444324651
GRD,2012,0.5714285714285714,0.5395175553026126,0.11168855644085589
GRD,2013,0.5734511304101223,0.5337615676853024,0.13842352249418247
GRD,2014,0.5732622822092293,0.5260463888282824,0.1647270188402665
GRD,2015,0.5733911711764438,0.5222805161728298,0.17827499819625317
GRD,2016,0.5733140830272085,0.5189271140742058,0.18972835506090865
GRD,2017,0.5735494236610551,0.5307995900250773,0.14907114146536488
GRD,2018,0.5734780559847452,0.5259328033352768,0.16581367727428162
GRD,2019,0.5736162019286636,0.5285410703239386,0.15716129165518455
GRD,2020,0.5727583267978945,0.49445231269215306,0.27343474705474774
GRD,2021,0.5728378867465178,0.49247776549130723,0.2805684578987009
GRD,2022,1.0,0.8782957536975404,0.24340849260491912
GTM,2009,0.17732621384918557,0.15738113312165436,0.22495355079869175
GTM,2010,0.4294568258207539,0.38279205743856304,0.21731995197891088
GTM,2011,0.2652405840108018,0.24066373031807942,0.18531744517438928
GTM,2012,0.3446610305018459,0.3109388988282135,0.1956828807975825
GTM,2013,0.3348215713530184,0.30059186141834493,0.20446538015069182
GTM,2014,0.2738924233613709,0.24716592850289104,0.19516052711846782
GTM,2015,0.245981672144988,0.21956647124861164,0.21477373225438176
GTM,2016,0.17218857073335464,0.14933301605425542,0.26547121660580536
GTM,2017,0.17115353322718183,0.1435618728119795,0.32241999209655064
GTM,2018,0.16844190733738254,0.1413128761774156,0.32211735890200505
GTM,2019,0.224112485315437,0.18171170040213291,0.3783884227032264
GTM,2020,0.13730927260725162,0.10054702999679829,0.5354662786045787
GTM,2021,0.840499870739681,0.6619849238004225,0.4247828064081833
GTM,2022,0.35751526470143813,0.2985632335703043,0.32978749134174623
GUM,2009,0.0,0.0,0.0
GUM,2010,,,0.0
GUM,2011,,,0.0
GUM,2012,,,0.0
GUM,2013,,,0.0
GUM,2014,,,0.0
GUM,2015,,,0.0
GUM,2016,,,0.0
GUM,2017,,,0.0
GUM,2018,,,0.0
GUM,2019,,,0.0
GUM,2020,,,0.0
GUM,2021,,,0.0
GUM,2022,,,0.0
GUY,2009,0.0023909915245148403,0.00209835534012178,0.2447822849998932
GUY,2010,0.0024342997655627738,0.0021261245925782105,0.2531941031619974
GUY,2011,0.012514799081439577,0.011254792110899631,0.20136271662701075
GUY,2012,0.03524920406230121,0.031878554902021496,0.19124682386145583
GUY,2013,0.03012527744067442,0.027373184613933683,0.18270987426824004
GUY,2014,0.029599163834956033,0.02718060707512681,0.16342061372510475
GUY,2015,0.042663303589986615,0.039254367986254375,0.159806452706693
GUY,2016,0.18024007537283254,0.16507834532713508,0.16823927768932553
GUY,2017,0.4508304402424088,0.41788613454933826,0.146149428931004
GUY,2018,0.5900590755802577,0.5700605890802904,0.0677846925082917
GUY,2019,0.5910065311269803,0.58060800222502,0.03518921823801692
GUY,2020,0.5962812980664663,0.5743352181879957,0.07360982123583007
GUY,2021,0.6169394200411755,0.605030444040805,0.03860663012772204
GUY,2022,1.0,0.9817207264443182,0.03655854711136373
HND,2009,0.3865820942143109,0.357147704911821,0.15228014821696442
HND,2010,0.6177131981223273,0.5643578372954428,0.1727512411555062
HND,2011,0.607621650480953,0.5662456228117562,0.13619010328695916
HND,2012,0.6087869166842972,0.5752111842472862,0.11030372538187276
HND,2013,0.4355505008799315,0.40511473242601476,0.1397577015405937
HND,2014,0.43872055490519113,0.4036036071352375,0.16008799850985997
HND,2015,0.6077142506298792,0.5538720219952483,0.1771958731552694
HND,2016,0.43293952960479404,0.3926016880112787,0.18634399880434785
HND,2017,0.3334859207679259,0.2970084700116383,0.2187645623676711
HND,2018,0.6009604564598828,0.5437024973414106,0.19055483103086482
HND,2019,0.5847311073453931,0.5146928646033121,0.23955709508955642
HND,2020,0.10584064854528688,0.08306266540218807,0.43042032444373407
HND,2021,0.645863591754272,0.5492782170110214,0.29908908313258165
HND,2022,0.39350922123363813,0.347350504016951,0.23460043488679183
HRV,2009,0.8594222385262579,0.7185508415774569,0.3278281399614889
HRV,2010,0.5624281851743357,0.46951644923800784,0.3303950206817179
HRV,2011,0.43090744119681196,0.365832830165138,0.3020352159662607
HRV,2012,0.49424929880303736,0.41016815200191303,0.3402377990408901
HRV,2013,0.3916551837097955,0.312542670373339,0.4039906357786213
HRV,2014,0.8170948774082679,0.6782198680561231,0.33992382816703137
HRV,2015,0.30147849643152863,0.24496918521639569,0.3748812063481101
HRV,2016,0.6438598881990113,0.5398604769639274,0.32304982230214235
HRV,2017,0.6394763262660415,0.5166284765826799,0.38421390953025886
HRV,2018,0.5315304570848745,0.43865330639468963,0.34947066326005205
HRV,2019,0.8089065303271558,0.6632697843481813,0.3600830022229461
HRV,2020,0.4518446422736615,0.3438209748721089,0.47814517334091844
HRV,2021,1.0,0.7834135054684422,0.4331729890631156
HRV,2022,1.0,0.8231591860667761,0.3536816278664479
HTI,2009,0.5787186669774566,0.5140084941188512,0.22363257503537926
HTI,2010,0.2703640649238571,0.23441684751730862,0.26591712487140134
HTI,2011,0.24861698031998222,0.21694450474709154,0.25478931915371716
HTI,2012,0.4824334931719398,0.4059153214851141,0.31721749327032955
HTI,2013,0.4983526686405826,0.4156501269052225,0.3319036776143203
HTI,2014,0.49731963017364544,0.43766749460663407,0.23989455451892408
HTI,2015,0.2492581774468512,0.21853655884447232,0.2465043989092762
HTI,2016,0.22284099172271246,0.19056298674518307,0.28969539875045847
HTI,2017,0.1959583502500629,0.16805714694435883,0.2847666687344454
HTI,2018,0.25080866510624705,0.22014282652632206,0.24453571862785844
HTI,2019,0.0,0.0,0.28962117479140315
HTI,2020,,,0.3779343130414751
HTI,2021,,,0.2893949260770124
HTI,2022,,,0.2306047402715121
HUN,2009,0.5391976394868082,0.4810960153059169,0.21551141891567122
HUN,2010,0.6017903324708995,0.5405335092213209,0.20358194522023407
HUN,2011,0.600339442435639,0.5393006754006457,0.20334751549007907
HUN,2012,0.5979976118671618,0.5366207107441207,0.20527473657093903
HUN,2013,0.5694042748747156,0.5099367407906163,0.20887631761171352
HUN,2014,0.6014007297842943,0.5493465099923587,0.17310993224303545
HUN,2015,0.6029004434308416,0.556172777630035,0.15500955857620527
HUN,2016,0.6055061597918566,0.571989161557267,0.11070737330272966
HUN,2017,0.6063890067377032,0.5750574843530165,0.10333802900961674
HUN,2018,0.6081862933666055,0.5758855818842782,0.10621979427891164
HUN,2019,0.6113305130065432,0.5794948763676111,0.10415196350126023
HUN,2020,0.5842887656765743,0.5363505165570599,0.16409094932367724
HUN,2021,1.0,0.933557121570006,0.13288575685998802
HUN,2022,0.7266359341172545,0.6885067551882177,0.10494713277662937
IDN,2009,0.105724063108832,0.09589102509543866,0.18601324474772124
IDN,2010,0.13157947196855826,0.11910383058256639,0.18962899302366876
IDN,2011,0.14752917028770324,0.13421015892719276,0.18056105561410646
IDN,2012,0.14345377593853334,0.13088023997960105,0.17529738588853533
IDN,2013,0.16046285136849178,0.14697233145762345,0.16814508524329158
IDN,2014,0.16581419906697228,0.15113703071461512,0.17703150194548875
IDN,2015,0.156342903221753,0.14189006553209224,0.18488639256188333
IDN,2016,0.12408235701729359,0.11207037756645212,0.19361301218943366
IDN,2017,0.13707804675536367,0.12391441382558044,0.19206040998345564
IDN,2018,0.1425788211378068,0.13007700460226607,0.17536709078913387
IDN,2019,0.14762111436939923,0.13408060437827674,0.18344950245043468
IDN,2020,0.13068853637465647,0.11717327638469316,0.20683160688582353
IDN,2021,0.1244270209347728,0.11268853787736179,0.1886806092314075
IDN,2022,0.15547491060981627,0.14217500689514057,0.17108745922425378
IND,2009,0.11958242025844273,0.09882721882448942,0.34712797063476347
IND,2010,0.09288397110652112,0.07780900329257735,0.3245978317756355
IND,2011,0.09631519019545698,0.08153052317252554,0.30700592487910167
IND,2012,0.08191904794422997,0.0694749139302977,0.3038153964485564
IND,2013,0.07813423849015042,0.06621081530673813,0.30520354236037894
IND,2014,0.0928028281381598,0.07834421995731705,0.31159843877424864
IND,2015,0.09758339120521548,0.08161331339191931,0.32731139215507465
IND,2016,0.09175323444371392,0.07651802925849975,0.33209085821514484
IND,2017,0.08675709998366586,0.07248130947983047,0.3290979183611058
IND,2018,0.08764889882156233,0.07384518236766094,0.3149775214404765
IND,2019,0.09405997522286155,0.07852411004657324,0.3303395549377578
IND,2020,0.10215506081054257,0.08261898482090664,0.3824788676082854
IND,2021,0.10966167444170152,0.09058621428113829,0.3478965692923858
IND,2022,0.11051480197549983,0.09304288942149068,0.3161913561204684
IRL,2009,0.5869282358680625,0.5869282358680625,0.0
IRL,2010,0.5853045708734563,0.5853045708734563,0.0
IRL,2011,0.5871564606564226,0.5871564606564226,0.0
IRL,2012,0.5875773907991595,0.5875773907991595,0.0
IRL,2013,0.5868393652230425,0.5868393652230425,0.0
IRL,2014,0.5856028782527234,0.5856028782527234,0.0
IRL,2015,0.581638276385832,0.581638276385832,0.0
IRL,2016,0.5829630839253126,0.5829630839253126,0.0
IRL,2017,0.5828825354514542,0.5828825354514542,0.0
IRL,2018,0.5820568118221824,0.5820568118221824,0.0
IRL,2019,0.5801862261166694,0.5801862261166694,0.0
IRL,2020,0.5714285714285714,0.5714285714285714,0.0
IRL,2021,1.0,1.0,0.0
IRL,2022,1.0,1.0,0.0
IRN,2009,0.11446831757117198,0.11446831757117198,0.0
IRN,2010,0.11363841268209834,0.11363841268209834,0.0
IRN,2011,0.12174611950052887,0.12174611950052887,0.0
IRN,2012,0.257465280475924,0.257465280475924,0.0
IRN,2013,0.25575335547260436,0.25575335547260436,0.0
IRN,2014,0.32179341709269604,0.32179341709269604,0.0
IRN,2015,0.3372470700088176,0.3372470700088176,0.0
IRN,2016,0.34497941454589487,0.34497941454589487,0.0
IRN,2017,0.36165713452263937,0.36165713452263937,0.0
IRN,2018,0.3332899691641663,0.3332899691641663,0.0
IRN,2019,0.44340646618460666,0.44340646618460666,0.0
IRN,2020,0.44838251663259293,0.44838251663259293,0.0
IRN,2021,0.4342732020895638,0.4342732020895638,0.0
IRN,2022,0.011560316739316154,0.011560316739316154,0.0
IRQ,2009,0.0942109100198056,0.0641684442862011,0.6377704180394561
IRQ,2010,0.06493740594147737,0.042966330121037136,0.6766847397705081
IRQ,2011,0.10735652506698376,0.0679251453335043,0.734587482388737
IRQ,2012,0.1545862076815935,0.10076995485764347,0.6962620227387584
IRQ,2013,0.0584631381668599,0.0385891841430037,0.6798798233216241
IRQ,2014,0.3130873939387546,0.21955256138654886,0.5974998314400535
IRQ,2015,0.47102540246124047,0.3372147732950558,0.5681673577135603
IRQ,2016,0.2952010411034702,0.20297894140827616,0.6248087699858043
IRQ,2017,0.19721008117753447,0.13601652241862697,0.6205926025031064
IRQ,2018,0.15410402877569507,0.10089895773268695,0.6905085021553894
IRQ,2019,0.11058800690158903,0.07899275262851996,0.5714047148202122
IRQ,2020,0.1302384877316227,0.09124454375570737,0.5988083039825923
IRQ,2021,0.17273582357539743,0.10594287969996467,0.7733536969102223
IRQ,2022,0.08996401554533544,0.05065323957160365,0.8739222173541589
ISL,2009,1.0,0.8624324271090011,0.2751351457819977
ISL,2010,1.0,0.7890080249296656,0.42198395014066886
ISL,2011,1.0,0.739027322066589,0.521945355866822
ISL,2012,1.0,0.8686321160643793,0.2627357678712414
ISL,2013,1.0,0.8516645334852955,0.2966709330294091
ISL,2014,0.7368520664487402,0.6380421489067142,0.26819472195617405
ISL,2015,1.0,0.8239245767065286,0.3521508465869428
ISL,2016,1.0,0.7571419965206587,0.4857160069586825
ISL,2017,1.0,0.8192469420112446,0.36150611597751087
ISL,2018,0.4707516655555676,0.3958926038608713,0.3180405601171896
ISL,2019,0.4544575847942907,0.3593033817164489,0.41875944537668214
ISL,2020,0.9793544736455652,0.7223838999942009,0.5247754118992537
ISL,2021,0.25000982465438887,0.2004155606970371,0.3967385203834321
ISL,2022,0.9591885814808883,0.8464571838616785,0.23505575398982367
ISR,2009,,,0.0
ISR,2010,,,0.0
ISR,2011,0.0,0.0,0.0
ISR,2012,0.0,0.0,0.0
ISR,2013,0.0,0.0,0.0
ISR,2014,0.0,0.0,0.0
ISR,2015,0.0,0.0,0.0
ISR,2016,0.0,0.0,0.0
ISR,2017,0.0,0.0,0.0
ISR,2018,0.0,0.0,0.0
ISR,2019,,,0.0
ISR,2020,0.0,0.0,0.0
ISR,2021,,,0.0
ISR,2022,,,0.0
ITA,2009,0.23065224977580684,0.21784333972887382,0.11106685548814943
ITA,2010,0.28750379423079314,0.2695158606929546,0.12513179929304713
ITA,2011,0.6234626102287015,0.5869391829357645,0.11716316806725374
ITA,2012,0.0019349952198237119,0.0017868363710837395,0.15313613927529035
ITA,2013,0.27898472732307805,0.26265747555156754,0.11704763861573503
ITA,2014,0.25665052587078746,0.24224275625831615,0.11227539521758073
ITA,2015,0.1693069535490918,0.15905892443811623,0.12105857315546219
ITA,2016,0.2247303490160754,0.21024883211463366,0.1288790496240973
ITA,2017,0.11694820696944105,0.10938335167409348,0.12937103511684106
ITA,2018,0.4197308082312849,0.3956074997021038,0.11494657078347412
ITA,2019,0.38812339361257797,0.3596761908244419,0.14658844716034758
ITA,2020,0.10089555812511283,0.08960640428330997,0.2237790057676088
ITA,2021,0.6463900248621177,0.5880884348064005,0.18039136686292043
ITA,2022,0.8863690682992807,0.824899447243093,0.1386998334094226
JAM,2009,0.38889650062450554,0.3586141103142873,0.1557349591039753
JAM,2010,0.13594272010549577,0.12253554506727941,0.19724741461421366
JAM,2011,0.12231607410720688,0.1135970731712395,0.14256508802474152
JAM,2012,0.33035562556568326,0.3098667236222188,0.12404148958190385
JAM,2013,0.44499470157998616,0.4196233514569564,0.11402989758281132
JAM,2014,0.47151637431349064,0.43138776281547064,0.17021089270312476
JAM,2015,0.5958921149147004,0.5275207871024801,0.22947552451506223
JAM,2016,0.5994041667427832,0.5175907817741572,0.27298236985307395
JAM,2017,0.6042601076671656,0.5189070622229017,0.2825043201140047
JAM,2018,0.48002259856909024,0.42430063835551535,0.23216390386485014
JAM,2019,0.6045348951554025,0.534780182612902,0.23077150087281273
JAM,2020,0.18864522606393236,0.1549132079883292,0.35762387185108324
JAM,2021,0.24232145107076472,0.19874613692241025,0.3596488379861117
JAM,2022,0.3091673043401837,0.27024152251474454,0.2518104681768564
JOR,2009,1.0,0.7790889790987369,0.4418220418025263
JOR,2010,0.55811295063251,0.43616822706494723,0.43698940664022473
JOR,2011,0.4503166894038409,0.3763942922505408,0.32831293573046766
JOR,2012,0.43065813499387257,0.38538840105853933,0.21023512738695793
JOR,2013,0.5058009356889046,0.4221881761175719,0.33061528230449594
JOR,2014,0.957695701562302,0.778739647295506,0.3737221624256276
JOR,2015,0.35986275799452333,0.28277157070114645,0.4284477100269991
JOR,2016,0.3390894030007533,0.26795345099327916,0.4195704812828732
JOR,2017,0.4564902948018338,0.36578597797568757,0.3973986648085113
JOR,2018,0.2013032538346478,0.16415602215517727,0.3690673744397949
JOR,2019,0.15470561363367324,0.1230709920057321,0.4089654006072285
JOR,2020,0.1586013273074547,0.11506939229693693,0.5489479281107081
JOR,2021,0.11719770666863316,0.08844103990092107,0.49073770443340137
JOR,2022,0.3113187242238125,0.2567683258616321,0.3504472691013801
JPN,2009,0.38119302995187526,0.20612983097576684,0.9185015738520179
JPN,2010,0.4031636439470953,0.22382596624405257,0.8896520328433986
JPN,2011,0.34674044379970953,0.19361444278334816,0.8832312685439879
JPN,2012,0.29306512712134597,0.16528063487206673,0.8720552561435878
JPN,2013,0.2933739711984936,0.16424464370194697,0.8803052770429941
JPN,2014,0.2571245065615428,0.14504322031563624,0.8718055524519198
JPN,2015,0.251429753811728,0.13818616870142988,0.9007970090532367
JPN,2016,0.2697665844832131,0.14801329493609774,0.9026565671975713
JPN,2017,0.27749014081771123,0.15333123338210447,0.8948707660007942
JPN,2018,0.2664909759239368,0.14961592054078365,0.8771408110758108
JPN,2019,0.2939184976044972,0.16380693057126858,0.8853581390328785
JPN,2020,0.2688938291885086,0.14520266776179466,0.92
JPN,2021,0.28307142095831556,0.1567337939901236,0.8926201489396992
JPN,2022,0.33612683559868994,0.19313602094270094,0.8508146301458014
KAZ,2009,0.47820458388208664,0.4187043096251567,0.2488486152679842
KAZ,2010,0.4679466479318182,0.4094941993096681,0.24982526910062133
KAZ,2011,0.46622648062767813,0.41843404275097656,0.20501811828602653
KAZ,2012,0.48338001116739865,0.44179513345288635,0.17205873951668677
KAZ,2013,0.42176699116953115,0.3908763709772355,0.1464819240910155
KAZ,2014,0.37880001365748167,0.3398677962725041,0.20555552260449936
KAZ,2015,0.45488901561726247,0.390744555359098,0.2820224628687659
KAZ,2016,0.5043686661281543,0.41739949316364217,0.3448635048332455
KAZ,2017,0.3285188733371887,0.2795544212486921,0.29809217102872465
KAZ,2018,0.2796169661522149,0.24410208098226316,0.2540252521774269
KAZ,2019,0.3148740534601779,0.28128968086460915,0.2133194032757363
KAZ,2020,0.4301073582560079,0.357166514624654,0.339175055860998
KAZ,2021,0.471511348040892,0.4084518365787292,0.2674782345077047
KAZ,2022,0.5827615098708542,0.5169240734455419,0.22594984504004928
KEN,2009,0.06620387064290492,0.05997353177595062,0.18821675549938577
KEN,2010,0.08440423015330299,0.0770775077044114,0.17361031397559354
KEN,2011,0.2993460131697837,0.27915791657217065,0.1348813460639795
KEN,2012,0.2735612866930883,0.2502854369292554,0.17016917887176328
KEN,2013,0.215679235185173,0.19474262260330047,0.1941458347985818
KEN,2014,0.19476805212673182,0.17450994445107046,0.20802290164590032
KEN,2015,0.19561949333625545,0.17257839126118962,0.2355706139720941
KEN,2016,0.16552058705941172,0.14423588242684096,0.25718498237238435
KEN,2017,0.2306405145843343,0.20753357294953043,0.20037192230903336
KEN,2018,0.15658879565997277,0.1397141550721226,0.21552807168263663
KEN,2019,0.12933475152435453,0.11387494273066358,0.23906658669042657
KEN,2020,0.07791573710376015,0.06842561280506523,0.24359967963999252
KEN,2021,0.14827389319469025,0.13260731333394096,0.2113194645827281
KEN,2022,0.15452564384817943,0.14342347486184692,0.14369354768377904
KGZ,2009,0.3573504556976819,0.3133200944399095,0.24642678108138236
KGZ,2010,0.47195889816800923,0.41465028449445324,0.24285425657195733
KGZ,2011,0.48533440072530676,0.4403808804189425,0.18524761582605145
KGZ,2012,0.4016527148245935,0.3668368986300708,0.1733627828694112
KGZ,2013,0.5532790211876768,0.5047875681335711,0.17528751749890445
KGZ,2014,0.5390680918482851,0.4966827807861604,0.1572540155986585
KGZ,2015,0.5571831868927242,0.5025170183967897,0.1962233239692475
KGZ,2016,0.550633148405942,0.48970458721772375,0.22130364423065949
KGZ,2017,0.2521008360795954,0.223205583659875,0.22923567306692594
KGZ,2018,0.2618710302301032,0.23582937887421387,0.19888913510598594
KGZ,2019,0.5058666113861676,0.4514137788912366,0.21528533913602335
KGZ,2020,0.496635126080599,0.3973188420004127,0.399956744356694
KGZ,2021,0.6630213901018535,0.5738388599028817,0.2690185611817789
KGZ,2022,0.7063759117007161,0.658608196001646,0.13524729512381448
KHM,2009,0.3517732357124657,0.3328732310510197,0.10745561482622071
KHM,2010,0.5221305676918228,0.49590238437865686,0.1004659942784525
KHM,2011,0.4973896175433847,0.4747684969414383,0.09095935984217947
KHM,2012,0.5240300118568404,0.4998462054251442,0.0922993183005059
KHM,2013,0.5093410795055766,0.4871234959027488,0.0872404936369739
KHM,2014,0.4670356434276786,0.4457580104665159,0.0911178119297338
KHM,2015,0.4342537068425777,0.4133167366252261,0.09642736440677736
KHM,2016,0.46434268061410633,0.4397721515035827,0.10582929433938064
KHM,2017,0.45951662178992314,0.4318573943732413,0.12038401269987911
KHM,2018,0.45407991002333153,0.4267428391680998,0.12040643178345907
KHM,2019,0.4446331800810936,0.4160902445944436,0.12838868876787035
KHM,2020,0.4266628286661046,0.39398004687369603,0.15320191775124276
KHM,2021,0.39031086019325745,0.3676067725099664,0.11633848810688703
KHM,2022,0.40240734829994423,0.38169049325697063,0.10296459610141999
KIR,2009,0.5975371586423772,0.5975371586423772,0.0
KIR,2010,0.6751265563740186,0.6751265563740186,0.0
KIR,2011,0.0,0.0,0.0
KIR,2012,0.15828825076378633,0.15828825076378633,0.0
KIR,2013,0.032429084654874894,0.032429084654874894,0.0
KIR,2014,0.1950440582809392,0.1950440582809392,0.0
KIR,2015,0.03213698026407816,0.03213698026407816,0.0
KIR,2016,0.11252164437027287,0.11252164437027287,0.0
KIR,2017,0.11245112639756336,0.11245112639756336,0.0
KIR,2018,0.04114829824996197,0.04114829824996197,0.0
KIR,2019,0.0,0.0,0.0
KIR,2020,0.09599139975399562,0.09599139975399562,0.0
KIR,2021,0.025330024279506223,0.025330024279506223,0.0
KIR,2022,0.23025581364663888,0.23025581364663888,0.0
KNA,2009,1.0,0.9370252548728248,0.12594949025435034
KNA,2010,1.0,0.9160626794312292,0.1678746411375417
KNA,2011,1.0,0.8685563599584399,0.2628872800831202
KNA,2012,1.0,0.8507971222966588,0.29840575540668235
KNA,2013,1.0,0.8411407102349262,0.3177185795301477
KNA,2014,1.0,0.8320415257752355,0.3359169484495291
KNA,2015,1.0,0.8610119242495144,0.27797615150097105
KNA,2016,1.0,0.8496631619276354,0.3006736761447293
KNA,2017,0.8747264689276828,0.7169310008054138,0.36078814058458436
KNA,2018,1.0,0.8335394664154904,0.33292106716901926
KNA,2019,1.0,0.8314492938268709,0.3371014123462582
KNA,2020,0.08237682210332498,0.06241028584176549,0.4847610226215216
KNA,2021,0.6713468076405408,0.5171713195877399,0.4593020665269956
KNA,2022,0.8446099413312282,0.7322934595736236,0.2659605961553744
KOR,2009,0.3970724287043925,0.24914883278009917,0.7450711015466533
KOR,2010,0.42461413982222285,0.2694151505039835,0.7310118753144581
KOR,2011,0.6040448149611426,0.3871659316949786,0.7180887175734321
KOR,2012,0.5462457985052142,0.34896684582131365,0.7223083572404534
KOR,2013,0.5801977119022925,0.3692627295062149,0.727114147708324
KOR,2014,0.5692650967047715,0.36120940294703446,0.7309624108770454
KOR,2015,0.5643633557059047,0.3537464669908338,0.746387541237973
KOR,2016,0.5964085538285413,0.3722708623943981,0.751624670690352
KOR,2017,0.6231787705682549,0.3918755227212312,0.7423335285831587
KOR,2018,0.6428548734062994,0.40581756773597355,0.7374519988137749
KOR,2019,0.6030302414990014,0.3786838419264939,0.7440635116899987
KOR,2020,0.6061103704178775,0.3750581096096305,0.7624098582868664
KOR,2021,0.6961096535998761,0.4379471462112375,0.7417294274072241
KOR,2022,0.7332767358168644,0.4679083616444112,0.7237877903676706
KWT,2009,0.5714285714285714,0.4497119843305312,0.4260080548431407
KWT,2010,0.5714285714285714,0.45185471697002777,0.41850849060490275
KWT,2011,0.5714285714285714,0.44946261430944157,0.4268808499169545
KWT,2012,0.5414114014342875,0.4221938539508174,0.44039540788259435
KWT,2013,0.5714285714285714,0.45218148003662223,0.41736481987182195
KWT,2014,0.5714285714285714,0.4534092336389658,0.4130676822636196
KWT,2015,0.4872304393157909,0.4010069189156081,0.35393322519530995
KWT,2016,0.5726715869458737,0.4621519727000586,0.38597903847554055
KWT,2017,0.5714285714285714,0.46458563112542867,0.3739502910609996
KWT,2018,0.1916545704272286,0.1586695963582509,0.34421275731070683
KWT,2019,0.3520952296277062,0.2777572452348644,0.4222606734629398
KWT,2020,0.31471469499780513,0.20213254142230336,0.7154553337669023
KWT,2021,0.25087055225601645,0.17410009792159056,0.6120324098946512
KWT,2022,1.0,0.72950437776817,0.54099124446366
LAO,2009,0.4848363850320244,0.3947957475244025,0.3714268990008849
LAO,2010,0.41393637973447367,0.35311180980361667,0.293883663812656
LAO,2011,0.34173418672439004,0.30043129018185855,0.2417252832584902
LAO,2012,0.5197323357390025,0.4727309176822512,0.1808677845295902
LAO,2013,0.5366493939647471,0.5017012392068008,0.13024576250706474
LAO,2014,0.568122130582207,0.541654820650813,0.09317471897907045
LAO,2015,0.5838896822401565,0.5650244551973432,0.06461914850228143
LAO,2016,0.6166628236342493,0.6001601655827634,0.05352246777008194
LAO,2017,0.787477187902343,0.7613058123050622,0.06646891109822578
LAO,2018,0.7793450258981874,0.7630214551136745,0.04189048557973458
LAO,2019,0.661535036621377,0.6451671587498308,0.04948453812859587
LAO,2020,0.6252446411314457,0.5805773785927621,0.14287931347273433
LAO,2021,0.6850142824491595,0.6392539674905509,0.13360397332154875
LAO,2022,0.7967504096390821,0.7667041959295374,0.07542189711117983
LBN,2009,0.66604200966141,0.40211847367304465,0.792513181330811
LBN,2010,0.6602519094978715,0.36583322339144664,0.891837439229319
LBN,2011,0.6030492925422327,0.31941149612012787,0.9406786474332566
LBN,2012,0.6532695688037057,0.32663478440185284,1.0
LBN,2013,0.6454183725032907,0.36530329444575466,0.8680108592852548
LBN,2014,0.6612008272714499,0.3631508565199727,0.9015414332780789
LBN,2015,0.6559487753899309,0.35135035392760305,0.928726244762812
LBN,2016,0.6903858612206174,0.3451929306103087,1.0
LBN,2017,0.7,0.35,1.0
LBN,2018,0.7,0.3773497752521197,0.9218577849939436
LBN,2019,0.5940879163452655,0.3114177414274525,0.9516105853717916
LBN,2020,0.5506023783551418,0.2753011891775709,1.0
LBN,2021,0.5721223756614219,0.28606118783071094,1.0
LBN,2022,0.45653201180310693,0.2744517251037336,0.7976671163988425
LBR,2009,0.5721327793788609,0.5438409668111452,0.09889946385673185
LBR,2010,0.5756125425567454,0.5435199128110589,0.11150774999842097
LBR,2011,0.5753150575071201,0.548617381991297,0.09281062669037725
LBR,2012,0.5749819029738075,0.5455564720908859,0.10235254616095994
LBR,2013,0.8208350996174978,0.7686774796386809,0.12708428283128217
LBR,2014,0.7656666239307564,0.7263611098070406,0.10267004697666027
LBR,2015,0.7294921604485693,0.6652542118340659,0.17611689911788264
LBR,2016,0.7107180785347021,0.6374767116431126,0.2061052591840419
LBR,2017,0.6897253668290948,0.6110124000750696,0.22824437244028245
LBR,2018,0.6857081956607142,0.642984172602766,0.12461284064654178
LBR,2019,0.6623762716411178,0.6262482275942327,0.10908616625826123
LBR,2020,0.4090562729184818,0.38279000018190656,0.12842376208619932
LBR,2021,0.3422454446320537,0.3051313487267393,0.21688584311306494
LBR,2022,0.9338560017090609,0.8671011125253281,0.14296612981351292
LBY,2009,0.2815075378540384,0.1407537689270192,1.0
LBY,2010,0.400750114180551,0.2003750570902755,1.0
LBY,2011,0.004326791780089552,0.002163395890044776,1.0
LBY,2012,0.7159391411089495,0.35796957055447476,1.0
LBY,2013,0.16279154730679324,0.08139577365339662,1.0
LBY,2014,,,1.0
LBY,2015,,,1.0
LBY,2016,,,1.0
LBY,2017,,,1.0
LBY,2018,0.0024453533947195907,0.0012226766973597954,1.0
LBY,2019,,,1.0
LBY,2020,0.004468787447894416,0.002234393723947208,1.0
LBY,2021,0.21440581555105567,0.10720290777552784,1.0
LBY,2022,0.2635050784765136,0.1317525392382568,1.0
LCA,2009,1.0,0.9460331044583971,0.1079337910832059
LCA,2010,1.0,0.9473330202560872,0.10533395948782553
LCA,2011,1.0,0.9472924902335064,0.10541501953298726
LCA,2012,1.0,0.9375064450024234,0.12498710999515317
LCA,2013,1.0,0.9513608199915541,0.0972783600168918
LCA,2014,0.9797891648613986,0.9117725949627327,0.1388391958963694
LCA,2015,0.5714285714285714,0.5218719151346806,0.17344829702861783
LCA,2016,1.0,0.9216158379444063,0.15676832411118746
LCA,2017,0.8136983826081188,0.749361458839649,0.1581345745391624
LCA,2018,0.24363509338493686,0.22760414294089418,0.13159804050653903
LCA,2019,0.5660038675576197,0.5347762429732403,0.11034420919818295
LCA,2020,0.5714285714285714,0.5268806388553909,0.1559177640061318
LCA,2021,0.7962456230554663,0.6926322837031214,0.2602547162639218
LCA,2022,0.5391600184473841,0.5000227916722256,0.1451785200537006
LKA,2009,0.1109755151465003,0.09679483640806678,0.2555640984358289
LKA,2010,0.10268349946699695,0.08919447485387272,0.2627301306079793
LKA,2011,0.16630556264930652,0.1532195964901969,0.15737256109351414
LKA,2012,0.15251126796480408,0.13953701931397208,0.17014150920083015
LKA,2013,0.1376568545598742,0.12533531895440048,0.17901811929190117
LKA,2014,0.12772688472998353,0.11601870602225207,0.18333146905575456
LKA,2015,0.16513708785571748,0.1520331841397384,0.15870334019003834
LKA,2016,0.20867153813995395,0.19612330129799696,0.12026783291874749
LKA,2017,0.2290642710003271,0.21127505030011048,0.1553207806920811
LKA,2018,0.25618751912330795,0.24063859221361406,0.12138707586461234
LKA,2019,0.17959032365838903,0.16594079163231829,0.1520074327839006
LKA,2020,0.08029315884982821,0.07436463170525187,0.14767203655953853
LKA,2021,0.0970554581301412,0.09448526825809092,0.05296332471284474
LKA,2022,0.16332961785484082,0.16142961796734553,0.02326583399201872
LSO,2009,0.0,0.0,0.42811834328973064
LSO,2010,0.0,0.0,0.3629288512240256
LSO,2011,0.0,0.0,0.1774784451641296
LSO,2012,0.0,0.0,0.1960918359169416
LSO,2013,0.0,0.0,0.2574137371764696
LSO,2014,0.0,0.0,0.2762316427361574
LSO,2015,0.0,0.0,0.2739503676685516
LSO,2016,0.0,0.0,0.2572784927526989
LSO,2017,0.0,0.0,0.14697419337988402
LSO,2018,0.0,0.0,0.15449313270403348
LSO,2019,0.0,0.0,0.1830880686304829
LSO,2020,0.0,0.0,0.19703051541163935
LSO,2021,0.0,0.0,0.19183407068922123
LSO,2022,,,0.1824805962054793
LTU,2009,0.03580799628965503,0.029065441926196516,0.37659489846442185
LTU,2010,0.04534455987815839,0.03703090091585435,0.3666882635819153
LTU,2011,0.08215071569038017,0.06722030867101855,0.36348817886464163
LTU,2012,0.03636704573079577,0.029735472082736095,0.36470235702670967
LTU,2013,0.03443116347333741,0.028214754835300462,0.36109198824203376
LTU,2014,0.16324384725440824,0.1334228045677008,0.3653557936579706
LTU,2015,0.04678473499578035,0.038831330046497685,0.34
LTU,2016,0.06675990300430228,0.0552800744536329,0.34391387746412894
LTU,2017,0.053672888408682964,0.04430813324449855,0.3489566312466023
LTU,2018,0.05971592532377145,0.04923466695319902,0.35103729243897663
LTU,2019,0.1353964040361275,0.1117828901613102,0.3488056280802931
LTU,2020,0.19548897658815487,0.16135202944290686,0.3492467733069757
LTU,2021,0.08292066535211517,0.06855189422258849,0.34656671092811375
LTU,2022,0.07191211280091098,0.059562360010939744,0.3434679446607719
LUX,2009,0.5985240178867215,0.5985240178867215,0.0
LUX,2010,0.5940429002546853,0.5940429002546853,0.0
LUX,2011,0.5952134212594088,0.5952134212594088,0.0
LUX,2012,0.596155587141785,0.596155587141785,0.0
LUX,2013,0.5937478460434862,0.5937478460434862,0.0
LUX,2014,0.593126102021117,0.593126102021117,0.0
LUX,2015,0.5967501990790323,0.5967501990790323,0.0
LUX,2016,0.5926020453232296,0.5926020453232296,0.0
LUX,2017,0.5900805337802201,0.5900805337802201,0.0
LUX,2018,0.5881909479104392,0.5881909479104392,0.0
LUX,2019,0.5874655567618784,0.5874655567618784,0.0
LUX,2020,0.5813751387095364,0.5813751387095364,0.0
LUX,2021,1.0,1.0,0.0
LUX,2022,1.0,1.0,0.0
LVA,2009,0.18604400449272898,0.1520724493229552,0.36519913944446913
LVA,2010,0.39055558191492995,0.3283475370174661,0.31856180158763614
LVA,2011,1.0,0.909678847001292,0.18064230599741596
LVA,2012,0.7759163736971267,0.6949903336944115,0.20859474743937834
LVA,2013,0.868123479571683,0.775969594545772,0.21230593848556706
LVA,2014,0.9876143165485789,0.9563898887758773,0.06323202742103164
LVA,2015,0.6034054659898026,0.5764801651555884,0.08924447109555753
LVA,2016,0.33228874628408867,0.31687148048859193,0.09279439022780384
LVA,2017,1.0,0.943866981605975,0.11226603678804996
LVA,2018,0.35483168254363906,0.3392854219008952,0.08762611349301842
LVA,2019,0.6048782407065164,0.5760804635547208,0.09521842649905543
LVA,2020,0.5623142993928174,0.527088549941111,0.12528847119748845
LVA,2021,1.0,0.9549229592019318,0.09015408159613628
LVA,2022,0.605752510886596,0.5899926187603324,0.05203409591549848
MAR,2009,0.4059289836265782,0.32728320525992327,0.3874854052747447
MAR,2010,0.22824928834926006,0.18593099657030418,0.3708076558311256
MAR,2011,0.27479395359212505,0.2416222801112519,0.24142942773849874
MAR,2012,0.30387217991155113,0.2743537012511844,0.19428220555734166
MAR,2013,0.44968490772227415,0.40070107398499283,0.2178584733269892
MAR,2014,0.3302484437303716,0.2939432983290205,0.21986565623904705
MAR,2015,0.3379368180799028,0.28489766263261934,0.3138998333986959
MAR,2016,0.25730678212833374,0.21634726733077503,0.3183710468784289
MAR,2017,0.30719863820054677,0.2609836108035303,0.30088041840111396
MAR,2018,0.3219983859056726,0.2823882522215676,0.2460269083194009
MAR,2019,0.2243317519943936,0.19335169653576767,0.2761985780719992
MAR,2020,0.14139504449477844,0.10861053713698668,0.4637292272149249
MAR,2021,0.18570701621585614,0.1538929774792334,0.3426261364260331
MAR,2022,0.34931632129634405,0.3061789250191887,0.2469818536796026
MDA,2009,0.38380055024149173,0.34279454813398336,0.2136839151570103
MDA,2010,0.3390857872474906,0.30147320688230694,0.2218469884597736
MDA,2011,0.36546513097373085,0.331373880691328,0.18656362751527883
MDA,2012,0.24891410211848664,0.21783269961696192,0.24973597105984396
MDA,2013,0.22723758310201053,0.1971718447164157,0.26461941704509206
MDA,2014,0.3195727062168457,0.28783659623498586,0.19861589781904165
MDA,2015,0.2424819933246477,0.2173711311458237,0.20711527346448566
MDA,2016,0.12132526095952804,0.10474293984593143,0.2733531497472433
MDA,2017,0.15732124104956322,0.13418729444284683,0.2940981961797282
MDA,2018,0.2579407916512194,0.22476220160361352,0.2572574103941581
MDA,2019,0.38430493073504135,0.3350065428475822,0.2565587060939787
MDA,2020,0.12064576848268609,0.09882915176545927,0.36166401841698614
MDA,2021,0.2712259651684507,0.23462878762569236,0.26986485250428627
MDA,2022,0.7328777521119249,0.6470199800230025,0.23430312038128343
MDG,2009,0.4685788458411622,0.4393073636493041,0.1249372755584469
MDG,2010,0.4807575417440715,0.44429124710606166,0.15170347408682958
MDG,2011,0.4801090856715287,0.4444748800604679,0.1484421214867
MDG,2012,0.5000064195099025,0.46843596579737956,0.1262801935361861
MDG,2013,0.40615532599024273,0.39058937592986215,0.07665023238303906
MDG,2014,0.30285478682080297,0.29045465014962646,0.08188833203758204
MDG,2015,0.3316738737820576,0.31433534481175146,0.10455167163211218
MDG,2016,0.47694501380029286,0.43899285471529115,0.1591468952892465
MDG,2017,0.3855825988436128,0.35067527367540186,0.18106276202764485
MDG,2018,0.453095210036091,0.41170472828724747,0.18270103427289178
MDG,2019,0.37923076169371345,0.34494235819456154,0.18083134050631172
MDG,2020,0.2757664284282691,0.23655357118897583,0.2843918127582606
MDG,2021,0.31454379384987247,0.27211551835120046,0.26977658646110486
MDG,2022,0.6657743878307025,0.6038375501853429,0.18605953841861902
MDV,2009,,,0.06338346298866851
MDV,2010,0.05784948591648637,0.05551349779883469,0.08076089460929714
MDV,2011,0.060044907952024044,0.05853361918274967,0.0503386155735934
MDV,2012,0.1615866686654617,0.1576998665554924,0.048107955217720155
MDV,2013,0.14803899301329512,0.14411019126340985,0.05307793129250008
MDV,2014,0.5688484768915568,0.5414800233993617,0.09622405474916128
MDV,2015,0.6885482180174388,0.6591482352693475,0.08539701934816932
MDV,2016,0.6875386922990002,0.6697466430104919,0.05175577603935268
MDV,2017,0.7658687376007014,0.7409290492616328,0.06512784009750598
MDV,2018,0.6918842917813309,0.6685796259752512,0.0673657895775588
MDV,2019,0.6670273802843052,0.6429200809629657,0.07228278788515183
MDV,2020,0.6275573106750321,0.5640034450303925,0.20254362291239286
MDV,2021,0.22378274240853235,0.21282076508874706,0.09796981842123795
MDV,2022,,,0.061979767136312355
MEX,2009,0.09092700912014645,0.08276145958508352,0.1796066892351727
MEX,2010,0.15954458639127683,0.1453363740883267,0.17810961342310977
MEX,2011,0.0790740697683098,0.07193361644909169,0.18060163945374075
MEX,2012,0.08031996934350556,0.072973337634916,0.18293412631098324
MEX,2013,0.1294219598633786,0.11752533379037004,0.183842465151462
MEX,2014,0.07089544703838087,0.06428366789615803,0.1865219677264579
MEX,2015,0.1023833310076037,0.09303274531909127,0.18265836042818323
MEX,2016,0.10989009963369692,0.09979989672607625,0.18364171005859367
MEX,2017,0.0844000599174866,0.07685191931294633,0.17886576412196128
MEX,2018,0.10490238706798025,0.09574085480949726,0.17466775570218454
MEX,2019,0.07869373458722033,0.07174655086075252,0.17656256277347948
MEX,2020,0.08624107188165459,0.07806603956852268,0.18958559152303195
MEX,2021,0.07122128973272826,0.06485065903619669,0.1788968079752164
MEX,2022,0.13564892542631296,0.12412418733740947,0.16992007939147213
MHL,2009,0.08882542347325348,0.08882542347325348,0.0
MHL,2010,0.5369848665449851,0.5369848665449851,0.0
MHL,2011,0.5299027341202163,0.5299027341202163,0.0
MHL,2012,0.5203594939184587,0.5203594939184587,0.0
MHL,2013,0.5231773928920407,0.5231773928920407,0.0
MHL,2014,0.533165506171355,0.533165506171355,0.0
MHL,2015,0.5033206681177718,0.5033206681177718,0.0
MHL,2016,0.7971680291470872,0.7971680291470872,0.0
MHL,2017,0.6509298428281379,0.6509298428281379,0.0
MHL,2018,0.6609432226110262,0.6609432226110262,0.0
MHL,2019,1.0,1.0,0.0
MHL,2020,1.0,1.0,0.0
MHL,2021,1.0,1.0,0.0
MHL,2022,,,0.0
MKD,2009,0.26962812566830957,0.23600453467865729,0.24940714850360432
MKD,2010,0.42985708929923677,0.38089318044585635,0.22781482530951172
MKD,2011,0.374540180969148,0.3356795615924657,0.20751108346307612
MKD,2012,0.3814657775290356,0.33488831551000076,0.2442025720930606
MKD,2013,0.3611346039320003,0.3210847975286481,0.2217998827434068
MKD,2014,0.18968805143783987,0.1689343344302713,0.21881944434828557
MKD,2015,0.284880128317311,0.2563902034218138,0.2000134236373554
MKD,2016,0.44153754248298505,0.39627773920576265,0.20500998860800826
MKD,2017,0.3780926005492197,0.3428280722013717,0.1865391086555121
MKD,2018,0.5751422059940677,0.5217538985585646,0.18565254602808196
MKD,2019,0.41863973734092746,0.3767042023398891,0.20034187517601734
MKD,2020,0.10968320686915797,0.09551638611064972,0.2583225119485789
MKD,2021,0.599814710208888,0.5422245565557464,0.19202647975434126
MKD,2022,1.0,0.9176584535193637,0.16468309296127254
MLI,2009,0.4351517721834305,0.4351517721834305,0.0
MLI,2010,0.2372390123262619,0.2372390123262619,0.0
MLI,2011,0.26984205736973055,0.26984205736973055,0.0
MLI,2012,0.1935561246416104,0.1935561246416104,0.0
MLI,2013,0.15662516799015594,0.15662516799015594,0.0
MLI,2014,0.07990736865675269,0.07990736865675269,0.0
MLI,2015,0.18111289669098218,0.18111289669098218,0.0
MLI,2016,0.21162099277886717,0.21162099277886717,0.0
MLI,2017,0.23984207252280493,0.23984207252280493,0.0
MLI,2018,0.17616839721198668,0.17616839721198668,0.0
MLI,2019,0.4218188520658509,0.4218188520658509,0.0
MLI,2020,0.2528338441253109,0.2528338441253109,0.0
MLI,2021,0.2957339642629667,0.2957339642629667,0.0
MLI,2022,0.5553086353129789,0.5553086353129789,0.0
MLT,2009,1.0,1.0,0.0
MLT,2010,1.0,1.0,0.0
MLT,2011,1.0,1.0,0.0
MLT,2012,1.0,1.0,0.0
MLT,2013,1.0,1.0,0.0
MLT,2014,1.0,1.0,0.0
MLT,2015,1.0,1.0,0.0
MLT,2016,1.0,1.0,0.0
MLT,2017,1.0,1.0,0.0
MLT,2018,1.0,1.0,0.0
MLT,2019,1.0,1.0,0.0
MLT,2020,1.0,1.0,0.0
MLT,2021,1.0,1.0,0.0
MLT,2022,1.0,1.0,0.0
MMR,2009,0.23594252574341706,0.16495086091581715,0.6017708304504799
MMR,2010,0.4484255993975177,0.31687615402973746,0.5867169293837082
MMR,2011,0.4322661868395249,0.33944301967794965,0.4294722556961645
MMR,2012,0.4583510020247414,0.3687354344617,0.3910346750292651
MMR,2013,0.5253845362117747,0.42299267176738337,0.3897787520838592
MMR,2014,0.5407192307228281,0.5041483884102032,0.13526740028734463
MMR,2015,0.5455164999864731,0.5118721141679295,0.12334873764360127
MMR,2016,0.5560401794402016,0.5154558498411476,0.14597624811902118
MMR,2017,0.5398777966380678,0.5060226122503733,0.12541795420562915
MMR,2018,0.5481192264276449,0.510356388398354,0.13779059813467723
MMR,2019,0.5308757696387291,0.49165954851380494,0.1477416125117615
MMR,2020,0.44853797749977387,0.44853797749977387,0.0
MMR,2021,0.4468601611313125,0.4468601611313125,0.0
MMR,2022,,,0.0
MNE,2009,0.9153441198122079,0.8720033347385225,0.09469834160856835
MNE,2010,0.6210849684805806,0.5910638368810192,0.09667318683627142
MNE,2011,0.6118894837486543,0.597273069122597,0.04777468812345597
MNE,2012,0.8819979618358796,0.8511885710402207,0.06986272560432934
MNE,2013,0.6210890652075355,0.5908862150361207,0.09725771024908508
MNE,2014,0.6539485559895323,0.6172060669367214,0.11237119102499867
MNE,2015,0.6688592688675631,0.6231164637051767,0.13677856401641236
MNE,2016,0.6696509180787638,0.6225448689139967,0.14068837327936398
MNE,2017,0.6683290364115192,0.6125064925419578,0.16705108061529458
MNE,2018,0.6490468799143169,0.59465042975494,0.16761947971018035
MNE,2019,0.6510777310228462,0.5767572403266453,0.228299900779721
MNE,2020,0.4765890381884208,0.37724916757621696,0.41687853749137027
MNE,2021,0.5996833107369621,0.5091204122800819,0.302035747319984
MNE,2022,1.0,0.8778166558698113,0.24436668826037733
MNG,2009,0.44952198726987735,0.4213657721762867,0.12527180378692657
MNG,2010,0.4210484018664245,0.3934516652720666,0.13108581565457558
MNG,2011,0.42090591835636465,0.400326389343131,0.09778683603973364
MNG,2012,0.4136899468945163,0.3894028700666413,0.11741680942547911
MNG,2013,0.4320135817772123,0.41153172166511787,0.0948204453565388
MNG,2014,0.2181662805697814,0.20837794582049607,0.08973279210445632
MNG,2015,0.20651291179973127,0.1971309923822612,0.09086036641203643
MNG,2016,0.5622081417613172,0.5370947162566732,0.08933853368244456
MNG,2017,0.5585683041788834,0.5272667413236433,0.11207783406634411
MNG,2018,0.6039003505731007,0.5707385546139874,0.10982539065474248
MNG,2019,0.621590672735906,0.5858460849557086,0.1150100519458217
MNG,2020,0.6192903181748817,0.5787075485825869,0.13106218005118106
MNG,2021,0.6544836319071535,0.6176095784470055,0.11268136180181518
MNG,2022,0.5139000511487261,0.4894439940982373,0.09517826276071333
MOZ,2009,0.4225197679478701,0.367020383437946,0.2627066883969865
MOZ,2010,0.41204343305349855,0.35949080764261804,0.25508294123963016
MOZ,2011,0.4106148911329948,0.37341224860006667,0.18120454633428548
MOZ,2012,0.42409350214752745,0.3983413865032407,0.12144546197422518
MOZ,2013,0.42191981977708076,0.3918041988620968,0.14275518476897076
MOZ,2014,0.4190410741447691,0.3886827203079342,0.144894406348084
MOZ,2015,0.4182325181320907,0.3928646698544065,0.12130978428450305
MOZ,2016,0.41219264083755924,0.3850755113010528,0.13157502997339068
MOZ,2017,0.4422530568055166,0.39220828901997257,0.22631734033463796
MOZ,2018,0.4468601901844742,0.4159983701415055,0.1381274086207064
MOZ,2019,0.4487899749788346,0.40015919522168036,0.21671954574942423
MOZ,2020,0.4352464420908168,0.37850830485618125,0.2607172936880518
MOZ,2021,0.6108168539174356,0.5520025237667296,0.1925759899174486
MOZ,2022,1.0,0.9619190516826992,0.07616189663460166
MRT,2009,0.0,0.0,0.0
MRT,2010,0.23922890207568082,0.23922890207568082,0.0
MRT,2011,0.5714285714285714,0.5714285714285714,0.0
MRT,2012,0.40062514367197455,0.3786043425267718,0.10993219718247682
MRT,2013,0.4069265127525005,0.3830394760545505,0.11740221366445341
MRT,2014,0.40771732448768166,0.392358936554511,0.07533841223190259
MRT,2015,0.011565402598119456,0.010653412090154598,0.15771011864526857
MRT,2016,0.014115735474174466,0.012872121524990196,0.17620250130919946
MRT,2017,0.012818953139185157,0.011798479732140437,0.15921322060618534
MRT,2018,0.40976484920065764,0.3794226356707411,0.14809573631855513
MRT,2019,0.015787719885182943,0.014663567384256653,0.1424084679867327
MRT,2020,0.4089547272640176,0.36332655095786187,0.22314536678138744
MRT,2021,0.5874168865499185,0.5090964410416002,0.26666051760383863
MRT,2022,1.0,1.0,0.0
MUS,2009,0.3558207482966172,0.31210521437550076,0.24571660944670135
MUS,2010,0.5196316965423703,0.48890555577923295,0.11826122604756066
MUS,2011,0.4810075314439776,0.4380011775789261,0.17881779828248034
MUS,2012,0.5278026292784914,0.4773797564028088,0.1910671530553417
MUS,2013,0.3357131656737256,0.31136485034320627,0.14505427740169757
MUS,2014,0.3942377393576596,0.36615471025956753,0.14246748240718105
MUS,2015,0.2626400947048473,0.23887521753106652,0.1809691486784418
MUS,2016,0.3172536376817352,0.28575080892332916,0.19859711610310557
MUS,2017,0.38514313067184364,0.3481738679336154,0.19197674731333825
MUS,2018,0.3638087494469432,0.31930474297048617,0.24465605373214025
MUS,2019,0.33231328983518016,0.2889081412435006,0.2612302903275852
MUS,2020,0.1682171503446325,0.13913770073475773,0.34573703751726453
MUS,2021,0.27358783282382776,0.22572250792917228,0.34990828649516387
MUS,2022,0.8912505776138754,0.7976302787304824,0.21008749107134475
MWI,2009,0.025471899378461855,0.02534242154834334,0.01016632707241265
MWI,2010,0.1102275304651611,0.10798010486348734,0.040777936186896395
MWI,2011,0.5714285714285714,0.569031176886381,0.008390880897666037
MWI,2012,0.0,0.0,0.02689939304376952
MWI,2013,0.5568397759616439,0.5421077404202077,0.05291301439806242
MWI,2014,0.5714285714285714,0.5461607986087308,0.088437204869442
MWI,2015,0.297429462270688,0.2779476722429473,0.1310010775597642
MWI,2016,0.12483862796614313,0.1168820468457677,0.12746985848856496
MWI,2017,0.06342570501103388,0.05923620106171333,0.13210744598240481
MWI,2018,0.12743845210845872,0.11991120741290795,0.11813145202273141
MWI,2019,0.044841662869018285,0.042069732751612514,0.1236319056901405
MWI,2020,0.23640702036497385,0.22803103565885585,0.07086071042380075
MWI,2021,0.0797588727805574,0.0797588727805574,0.0
MWI,2022,0.31947832929254727,0.31947832929254727,0.0
MYS,2009,0.25975677004887804,0.21181697110481798,0.3691129893171932
MYS,2010,0.433831643317498,0.364731867861439,0.3185557186546147
MYS,2011,0.43171383079400877,0.356012539645542,0.3507012550848177
MYS,2012,0.43305215791695756,0.35653177386753654,0.3534003128745273
MYS,2013,0.43668454437101445,0.3631459683818196,0.3368041160930818
MYS,2014,0.4379370425860414,0.3764069658348413,0.2809996450077013
MYS,2015,0.43635274332942453,0.37702619525866543,0.27192013332190973
MYS,2016,0.4395538804596979,0.37813253809365827,0.2794712780230876
MYS,2017,0.35595792304679147,0.3075634835110535,0.2719110119618067
MYS,2018,0.3013442417238608,0.26541158001251003,0.2384824843892517
MYS,2019,0.3510028012726308,0.3056572980926995,0.2583768734353235
MYS,2020,0.14446846242418054,0.12175025547466657,0.31450749275381623
MYS,2021,0.5826970504380702,0.5087162102703795,0.25392556942607497
MYS,2022,1.0,0.8970322664241718,0.20593546715165653
NAM,2009,0.4444374424016124,0.3958595587606039,0.21860392040106938
NAM,2010,0.1962460241559676,0.18266143804917495,0.13844444660948863
NAM,2011,0.4352123220368728,0.404050233512227,0.1432040728019903
NAM,2012,0.45129531967603803,0.4262205992642463,0.11112333462616704
NAM,2013,0.4540898107588672,0.4303988687385951,0.10434474176234063
NAM,2014,0.32164041635639756,0.3117567796710002,0.061457678716879315
NAM,2015,0.6485110201326946,0.6103606604078163,0.11765523958890353
NAM,2016,0.28516495339211445,0.2646317943445727,0.14400899411582158
NAM,2017,0.23818747921912137,0.21381272251796396,0.20466866504543477
NAM,2018,0.21524613987767025,0.19758743498869077,0.16407917836775465
NAM,2019,0.14862838507159898,0.1354073611585457,0.17790711924487765
NAM,2020,0.15974040866539566,0.140110788824292,0.24576899489748164
NAM,2021,0.6090586372883253,0.5429780794032254,0.21699243336998333
NAM,2022,1.0,0.9048160510252633,0.19036789794947345
NCL,2009,0.6749297697748752,0.6749297697748752,0.0
NCL,2010,0.6387984435517144,0.6387984435517144,0.0
NCL,2011,0.6500146297226536,0.6500146297226536,0.0
NCL,2012,0.6697242756700007,0.6697242756700007,0.0
NCL,2013,0.6773335935757394,0.6773335935757394,0.0
NCL,2014,0.6552237868852735,0.6552237868852735,0.0
NCL,2015,0.6619987162551636,0.6619987162551636,0.0
NCL,2016,0.6567252051736516,0.6567252051736516,0.0
NCL,2017,1.0,1.0,0.0
NCL,2018,0.749413360745319,0.749413360745319,0.0
NCL,2019,1.0,1.0,0.0
NCL,2020,1.0,1.0,0.0
NCL,2021,1.0,1.0,0.0
NCL,2022,1.0,1.0,0.0
NER,2009,0.628271224995931,0.628271224995931,0.0
NER,2010,0.599542823277624,0.599542823277624,0.0
NER,2011,0.5637476257223917,0.5637476257223917,0.0
NER,2012,0.5940376769482811,0.5940376769482811,0.0
NER,2013,0.5794046836032488,0.5794046836032488,0.0
NER,2014,0.5882341284488544,0.5882341284488544,0.0
NER,2015,0.5738933604208106,0.5738933604208106,0.0
NER,2016,0.37816102109490435,0.37816102109490435,0.0
NER,2017,0.34797595225987316,0.34797595225987316,0.0
NER,2018,0.3996261959866883,0.3996261959866883,0.0
NER,2019,0.5984385003614079,0.5984385003614079,0.0
NER,2020,0.4436202114779265,0.4436202114779265,0.0
NER,2021,0.5827135846219992,0.5827135846219992,0.0
NER,2022,1.0,1.0,0.0
NGA,2009,0.3378437685182289,0.2685022170018883,0.41049477881726365
NGA,2010,0.1885479195091442,0.16887366289872136,0.20869237551537873
NGA,2011,0.2306118829928673,0.21200747080182014,0.16134825274049375
NGA,2012,0.18173745588812576,0.15862661159642075,0.25433220883131136
NGA,2013,0.13459301477313124,0.11788350429794035,0.2482968451721851
NGA,2014,0.11029755167202245,0.1001884987048807,0.18330511990332704
NGA,2015,0.09209449679982327,0.08328408513390624,0.19133416158551494
NGA,2016,0.09760121064571488,0.08252542655450947,0.30892616990027677
NGA,2017,0.07240154726093281,0.05751365749836765,0.4112588839824016
NGA,2018,0.030986038952077632,0.026193400805774182,0.3093417750952709
NGA,2019,0.037906328447536754,0.03413088123910036,0.19919878094559892
NGA,2020,0.07080413184445077,0.0605938630892319,0.28840883968889697
NGA,2021,0.08966270968187419,0.07517657779145422,0.32312500797303956
NGA,2022,0.0,0.0,0.23358565761826797
NIC,2009,0.9575598777980624,0.8665064000672866,0.19017813891734056
NIC,2010,0.9914979866192024,0.9006291437434258,0.1832960714032715
NIC,2011,1.0,0.9249595095626688,0.15008098087466235
NIC,2012,1.0,0.9344377606185852,0.13112447876282968
NIC,2013,0.5714285714285714,0.5325458087078353,0.13608966952257648
NIC,2014,1.0,0.9200944943410269,0.15981101131794637
NIC,2015,1.0,0.9125473726030359,0.17490525479392824
NIC,2016,1.0,0.9149585706307111,0.17008285873857798
NIC,2017,1.0,0.9071877816379192,0.18562443672416143
NIC,2018,1.0,0.9168686550091869,0.16626268998162627
NIC,2019,0.4273448503813324,0.38459510804195934,0.20007140510164653
NIC,2020,1.0,0.8595922479314386,0.28081550413712275
NIC,2021,0.5714285714285714,0.4966350335911833,0.2617773824308585
NIC,2022,1.0,0.8898408925696156,0.22031821486076866
NLD,2009,1.0,1.0,0.0
NLD,2010,1.0,0.9995020634358496,0.0009958731283008456
NLD,2011,1.0,1.0,0.0
NLD,2012,0.5792619651136466,0.5780725895978859,0.0041065203220353105
NLD,2013,0.5799538570673254,0.5799538570673254,0.0
NLD,2014,0.5796089214365463,0.5796089214365463,0.0
NLD,2015,0.5796982586384771,0.5796982586384771,0.0
NLD,2016,0.5817195157979629,0.5817195157979629,0.0
NLD,2017,0.5817973038102427,0.5817973038102427,0.0
NLD,2018,0.5813616516835451,0.5813616516835451,0.0
NLD,2019,0.5816055006465872,0.5816055006465872,0.0
NLD,2020,0.5716978592573958,0.5710379657647447,0.002308539316583199
NLD,2021,1.0,0.9988960316886455,0.002207936622708975
NLD,2022,1.0,1.0,0.0
NOR,2009,0.15272663740310904,0.1215462728071101,0.4083159968185644
NOR,2010,0.37124386433736595,0.29600978396014815,0.40530814165240575
NOR,2011,0.14760316386918385,0.11836802154406975,0.3961316486552321
NOR,2012,0.33426864810988305,0.267958363635064,0.3967484527775461
NOR,2013,0.08698765539101626,0.06958105338799188,0.4002085565999072
NOR,2014,0.1615098723005529,0.12871911243838607,0.4060527000002409
NOR,2015,0.23142035553935694,0.1840586781004355,0.4093129779231266
NOR,2016,0.21178017767517215,0.16810024542631363,0.41250255551163695
NOR,2017,0.05796466677016249,0.04597570038642925,0.41366463577789764
NOR,2018,0.1419607947805002,0.11309099672113902,0.4067291691906862
NOR,2019,0.18527910572656106,0.14727707544151744,0.41021387852689495
NOR,2020,0.09806232004766935,0.07697536265645424,0.43007257794766557
NOR,2021,0.2957061190278134,0.23355682886230442,0.4203449720271998
NOR,2022,0.2126532679138429,0.16967910333087785,0.4041712126462701
NPL,2009,0.19504532216110088,0.16275533366807443,0.3311024138928696
NPL,2010,0.1738250382971291,0.14774660262105588,0.3000538464602074
NPL,2011,0.17375826308048084,0.1441212730570487,0.3411289857300771
NPL,2012,0.14852640396708314,0.11960091094059214,0.3894996748578328
NPL,2013,0.1656808348740746,0.12896685530173807,0.44318921497759134
NPL,2014,0.16481619970530403,0.12890877007705298,0.4357269454392779
NPL,2015,0.15138630273059267,0.10104348980450287,0.6650907250926122
NPL,2016,0.1836035121272994,0.13408098292174833,0.5394507831769056
NPL,2017,0.2317623261297149,0.17531174510753816,0.4871419955509244
NPL,2018,0.21600340952888158,0.17994594530976873,0.3338601395020262
NPL,2019,0.22820739639041923,0.18472337119225607,0.3810921634088519
NPL,2020,0.07917225939048593,0.05296345950447772,0.6620702778417284
NPL,2021,0.021300423741814012,0.017680174410020164,0.33992275230535285
NPL,2022,,,0.36205245389583446
NRU,2009,0.0,0.0,0.0
NRU,2010,0.015393016819246345,0.015393016819246345,0.0
NRU,2011,0.01600316237141508,0.01600316237141508,0.0
NRU,2012,0.0007064973196609979,0.0007064973196609979,0.0
NRU,2013,0.002565525695880014,0.002565525695880014,0.0
NRU,2014,0.08230170619942338,0.08230170619942338,0.0
NRU,2015,0.020849737664087566,0.020849737664087566,0.0
NRU,2016,0.050898200869605295,0.050898200869605295,0.0
NRU,2017,0.06771846960275457,0.06771846960275457,0.0
NRU,2018,0.5767455496535855,0.5767455496535855,0.0
NRU,2019,0.5153378824427538,0.5153378824427538,0.0
NRU,2020,0.3628490486898333,0.3628490486898333,0.0
NRU,2021,1.0,1.0,0.0
NRU,2022,1.0,1.0,0.0
NZL,2009,0.24936169852569567,0.22279481759406428,0.21307908222235503
NZL,2010,0.14562142451237634,0.13221314402130643,0.18415257969036458
NZL,2011,0.14187819290881273,0.13113562797623446,0.15143363067053847
NZL,2012,0.27989747481751615,0.25863931644675536,0.151899608130587
NZL,2013,0.1254021987497563,0.11701737357650493,0.13372692435773834
NZL,2014,0.2968006197951243,0.2790925767851759,0.11932618619308752
NZL,2015,0.11247515744940415,0.10520584441701274,0.12926077539676165
NZL,2016,0.23485126912329332,0.2155021660845835,0.16477750459633964
NZL,2017,0.20133275678247203,0.18430111337662997,0.1691889951543627
NZL,2018,0.22903706046879066,0.21445570999881933,0.12732743286284223
NZL,2019,0.33824065848876944,0.3154068645359863,0.13501507509358915
NZL,2020,0.4274819508493316,0.40123724513577264,0.1227874330666609
NZL,2021,0.38511240454599444,0.3648495344496884,0.10523093962758104
NZL,2022,0.7063817074429397,0.679385991345846,0.07643379156806494
OMN,2009,0.2787794797429644,0.2384022874346916,0.28967119348598197
OMN,2010,0.29236515917040573,0.2528690758673581,0.27018324218329515
OMN,2011,0.36037854046705586,0.3158965473052842,0.24686260787960546
OMN,2012,0.24591192821588784,0.22034629759227833,0.20792509585923996
OMN,2013,0.2728878286677719,0.24670651573636337,0.19188333213118872
OMN,2014,0.27673964510277815,0.24674931765323466,0.2167403765976893
OMN,2015,0.23014499840925978,0.20010969812598073,0.2610119749799488
OMN,2016,0.2624022634186279,0.21493121911772572,0.36181886301162275
OMN,2017,0.43771800528199734,0.3850987647769209,0.24042529605871152
OMN,2018,0.4330962666037733,0.38063633668385877,0.24225528578803737
OMN,2019,0.2284238968473602,0.20058265796658717,0.24376818069413628
OMN,2020,0.2574155300230923,0.2298135090613621,0.21445497837099486
OMN,2021,0.5899539450520841,0.5139311208956124,0.2577246064513053
OMN,2022,1.0,0.9144527902641166,0.17109441947176668
PAK,2009,0.09957781491112362,0.08983081346277438,0.19576652604897493
PAK,2010,0.08597637565644586,0.07618567707763656,0.2277532288156013
PAK,2011,0.05416553599074647,0.04884838384223131,0.19632971598115584
PAK,2012,0.04000433197864328,0.03725305492904112,0.1375489560016127
PAK,2013,0.06331496202302361,0.06143103521024096,0.05950968783958498
PAK,2014,0.08052858786894052,0.07507652974715873,0.1354067733226605
PAK,2015,0.10072639899096203,0.09007519224849336,0.21148788895797554
PAK,2016,0.13203114000207664,0.11746812648063845,0.22059967854869902
PAK,2017,0.1410949041808357,0.13122988385595752,0.13983524610122822
PAK,2018,0.12758189460812533,0.12309586235591113,0.07032396353719758
PAK,2019,0.15642856861497553,0.14577814054626426,0.1361698590354764
PAK,2020,0.16646808770613475,0.1514684567218506,0.1802102876409913
PAK,2021,0.23473542797660088,0.2169449533736458,0.1515789478930168
PAK,2022,0.06977796691926628,0.06823152318039123,0.04432470039330054
PAN,2009,0.5042074481878408,0.4885842235545191,0.061971415493653446
PAN,2010,0.44909589349094503,0.44120086145462334,0.03515967146771913
PAN,2011,0.45239830923053526,0.45030669009522495,0.009246803503169084
PAN,2012,0.656931870112561,0.6540004190047253,0.008924673139494512
PAN,2013,0.47397401852710086,0.4701546171716117,0.016116500931245573
PAN,2014,0.4850543297698348,0.4761082520039346,0.036886910256611005
PAN,2015,0.49130881883266064,0.4831319377823632,0.03328611552190545
PAN,2016,0.5065439831053055,0.49496642274079505,0.04571196480722401
PAN,2017,0.5083176546804137,0.5035261943103639,0.018852228821610324
PAN,2018,0.5061674151112876,0.5052421397105101,0.0036560053972421497
PAN,2019,0.507057532795921,0.49901474211475577,0.031723385063691746
PAN,2020,0.4347339744340944,0.37603906840439066,0.27002677260781627
PAN,2021,0.27682593010489676,0.2541838430448261,0.16358357074058047
PAN,2022,0.5626377272242893,0.5386110565534868,0.08540725055653595
PER,2009,0.4169587564766969,0.29316969161770745,0.5937712684343533
PER,2010,0.4342797791526932,0.30443604890264975,0.5979727193533011
PER,2011,0.3480447152176401,0.2551339299985985,0.5339014279296979
PER,2012,0.42989340747944854,0.2908601299432463,0.6468267487579413
PER,2013,0.3720875241322921,0.2499651273503074,0.6564175838293643
PER,2014,0.23020225074252937,0.15440931555277052,0.6584899578113143
PER,2015,0.3632031384498759,0.23245472674059256,0.7199740193177179
PER,2016,0.3755463673324233,0.23778628153665893,0.7336515422811849
PER,2017,0.3621320672758376,0.24124949079187255,0.667615974433373
PER,2018,0.2722963561808076,0.19309951802153513,0.5816959086054383
PER,2019,0.23122243422418282,0.1529936792633347,0.6766536752657923
PER,2020,0.12766201383087708,0.06688884863714939,0.9520947284168368
PER,2021,0.44164455867169544,0.30087442676953446,0.6374815635702422
PER,2022,0.8279417972903937,0.6192216210389002,0.5041904562242716
PHL,2009,0.04451705412947323,0.03749358733911217,0.315540501396792
PHL,2010,0.10676200801699588,0.08917006080562759,0.3295544461578085
PHL,2011,0.04098007995733946,0.03396093862747314,0.34256357416448646
PHL,2012,0.053041391489433966,0.04399369612749504,0.34115603334958744
PHL,2013,0.06632555748853664,0.054957295122095635,0.3428018639241993
PHL,2014,0.07426857943525658,0.062237266617812585,0.3239946935549578
PHL,2015,0.14650660301286136,0.12280747466614321,0.32352300659974575
PHL,2016,0.12000848193917761,0.10130207494043635,0.31175141450788457
PHL,2017,0.1088280104013359,0.09251205787113048,0.2998484024477789
PHL,2018,0.1327333125616501,0.11350176608574962,0.28977723986159243
PHL,2019,0.1691809530720961,0.14387606664191954,0.29914580773632266
PHL,2020,0.20516986426769157,0.16924061730458162,0.35023902843969246
PHL,2021,0.20518429841121574,0.17226498288215875,0.32087558145489714
PHL,2022,0.22102725292656056,0.18864686928708976,0.2929990144720265
PLW,2009,0.4207344071706803,0.3857466948336353,0.16631733340910929
PLW,2010,0.40738808496243006,0.37351023498563257,0.16631733340910929
PLW,2011,0.41332433587707157,0.37895283518898876,0.16631733340910929
PLW,2012,0.4109946982864386,0.37681692715429765,0.16631733340910929
PLW,2013,0.41890854838446206,0.38407267202966977,0.16631733340910929
PLW,2014,0.42187591122226215,0.3867932729302498,0.16631733340910929
PLW,2015,0.42857142857142855,0.39293199998376227,0.16631733340910929
PLW,2016,0.42857142857142855,0.39293199998376227,0.16631733340910929
PLW,2017,0.415088798331337,0.38057056729810723,0.16631733340910929
PLW,2018,0.23695976154992543,0.21725450371680444,0.16631733340910929
PLW,2019,0.23695976154992543,0.21725450371680444,0.16631733340910929
PLW,2020,0.23695976154992543,0.21725450371680444,0.16631733340910929
PLW,2021,0.23695976154992543,0.21725450371680444,0.16631733340910929
PLW,2022,0.23695976154992543,0.21725450371680444,0.16631733340910929
PNG,2009,0.7773906886888633,0.6643604823303569,0.2907938260725545
PNG,2010,0.2203999914704365,0.19107056669375178,0.2661472405784448
PNG,2011,0.2968610815298771,0.24676447492729403,0.33750875220429444
PNG,2012,0.13367293512279355,0.11656752526783477,0.25592929248161644
PNG,2013,0.08642098927513607,0.07971991336399231,0.1550798241804367
PNG,2014,0.09595685002694426,0.08597176258242158,0.20811619893147631
PNG,2015,0.09115670724954612,0.0842551670827969,0.15142144500362234
PNG,2016,0.23262828479852318,0.209823654231679,0.19606068614222913
PNG,2017,0.3281290071952255,0.3042873756275256,0.1453186462939859
PNG,2018,0.4559160860649676,0.41823332743053004,0.1653056770147294
PNG,2019,0.674685232762567,0.6230335677996853,0.15311337036795264
PNG,2020,0.5581804456247109,0.48602042318397976,0.25855446211473887
PNG,2021,0.669516363874216,0.5917628794130331,0.23226761482349884
PNG,2022,1.0,0.890816683168149,0.2183666336637021
POL,2009,0.46750353597978755,0.4111059010212012,0.24127147975635704
POL,2010,0.595555645347792,0.5250898137583047,0.23663895100293034
POL,2011,0.45647406896477055,0.40872273185106267,0.20921818066030468
POL,2012,0.18510050996561306,0.1618445499895847,0.2512792642262167
POL,2013,0.08034922792758953,0.07093126597519821,0.23442569879772246
POL,2014,0.5207018355011035,0.46822207017371603,0.20157319121751496
POL,2015,0.44206512517600133,0.39289707901611165,0.2224470710749427
POL,2016,0.59472660679816,0.5157889233614575,0.26545872518359537
POL,2017,0.31546419489853966,0.2805652805226024,0.22125436065517062
POL,2018,0.3809576133777997,0.34364645202128713,0.19588090667457403
POL,2019,0.41045723579247295,0.36503866549309893,0.22130719762649104
POL,2020,0.4067584252897467,0.3484945956040256,0.28647878476871347
POL,2021,1.0,0.884381190457723,0.231237619084554
POL,2022,1.0,0.8990600516542159,0.2018798966915683
PRI,2009,0.05697641173481722,0.05697641173481722,0.0
PRI,2010,0.05674853202340719,0.05674853202340719,0.0
PRI,2011,0.052007419893533434,0.052007419893533434,0.0
PRI,2012,0.060685555406253075,0.060685555406253075,0.0
PRI,2013,0.05826203549665554,0.05826203549665554,0.0
PRI,2014,0.061389704379245805,0.061389704379245805,0.0
PRI,2015,0.06120001085352544,0.06120001085352544,0.0
PRI,2016,0.06169073035306748,0.06169073035306748,0.0
PRI,2017,0.06022157731912194,0.06022157731912194,0.0
PRI,2018,0.0604611404791805,0.0604611404791805,0.0
PRI,2019,0.06366197708875139,0.06366197708875139,0.0
PRI,2020,0.049080766781003635,0.049080766781003635,0.0
PRI,2021,,,0.0
PRI,2022,,,0.0
PRK,2009,0.0,0.0,0.0
PRK,2010,0.0,0.0,0.0
PRK,2011,0.0,0.0,0.0
PRK,2012,0.0,0.0,0.0
PRK,2013,0.0,0.0,0.0
PRK,2014,0.0,0.0,0.0
PRK,2015,0.0,0.0,0.0
PRK,2016,0.0,0.0,0.0
PRK,2017,0.0,0.0,0.0
PRK,2018,0.0,0.0,0.0
PRK,2019,0.0,0.0,0.0
PRK,2020,0.0,0.0,0.0
PRK,2021,,,0.0
PRK,2022,,,0.0
PRT,2009,0.47586548122604444,0.4611695693508421,0.06176498382416398
PRT,2010,0.6175517946913718,0.5912608799437311,0.08514561846842289
PRT,2011,0.67525362639561,0.6481252188117175,0.08035027587693071
PRT,2012,0.6764736420913505,0.6370957617856885,0.11642103359392829
PRT,2013,0.6770060378610949,0.6501708289296638,0.07927612881035187
PRT,2014,0.6839106106855268,0.6547682170085877,0.08522281485800563
PRT,2015,0.19792575525459255,0.18785248981354935,0.10178832389029836
PRT,2016,0.6484812086106612,0.6028607596197941,0.14069937072997554
PRT,2017,0.7078520065275743,0.6630407143424095,0.1266120369001714
PRT,2018,0.5379750428323389,0.5104753615525559,0.1022340409510532
PRT,2019,0.6467414513433032,0.6126560581496537,0.10540655194700446
PRT,2020,0.33355198078465126,0.3073557380040237,0.1570744249157402
PRT,2021,0.600075305443404,0.559181778394717,0.1362946506137929
PRT,2022,1.0,0.9458714062097562,0.10825718758048775
PRY,2009,0.09567542726415694,0.0830114884669086,0.2647270915714561
PRY,2010,0.3588644763651693,0.3241770516245348,0.19331768411280523
PRY,2011,0.20473944272165928,0.1848741925994909,0.19405396300872943
PRY,2012,0.313006444244255,0.2809960339860389,0.20453515157174668
PRY,2013,0.2914228244478958,0.25860245409758126,0.22524227752231232
PRY,2014,0.4792456937172687,0.414072698227496,0.27198155912162075
PRY,2015,0.24809444478748555,0.21550319806853724,0.26273257949701817
PRY,2016,0.3801135131746115,0.3178392272230384,0.3276615210623483
PRY,2017,0.30234014989060476,0.2533666947108344,0.32396263081493043
PRY,2018,0.10113662880475678,0.0869003206540112,0.2815262545131622
PRY,2019,0.19102485798347235,0.16225901393572495,0.30117382995501285
PRY,2020,0.08512532963377369,0.06533944922094133,0.4648647000359397
PRY,2021,0.40141102687720365,0.327245181600083,0.3695256996505422
PRY,2022,0.4652982540460971,0.3941857028591489,0.30566438007696917
PSE,2009,0.0,0.0,0.0
PSE,2010,,,0.0
PSE,2011,0.0,0.0,0.0
PSE,2012,,,0.0
PSE,2013,,,0.0
PSE,2014,,,0.0
PSE,2015,0.0,0.0,0.0
PSE,2016,0.0,0.0,0.0
PSE,2017,0.0,0.0,0.0
PSE,2018,0.0,0.0,0.0
PSE,2019,0.0,0.0,0.0
PSE,2020,0.0,0.0,0.0
PSE,2021,0.0,0.0,0.0
PSE,2022,,,0.0
PYF,2009,0.36379472969886395,0.36379472969886395,0.0
PYF,2010,0.5363316477609473,0.5363316477609473,0.0
PYF,2011,0.639118405684763,0.639118405684763,0.0
PYF,2012,0.7210839833903168,0.7210839833903168,0.0
PYF,2013,0.6680175565606042,0.6680175565606042,0.0
PYF,2014,0.5521805087311213,0.5521805087311213,0.0
PYF,2015,0.49096785577274915,0.49096785577274915,0.0
PYF,2016,0.39061207121671665,0.39061207121671665,0.0
PYF,2017,0.27161853810234854,0.27161853810234854,0.0
PYF,2018,0.07274483552473046,0.07274483552473046,0.0
PYF,2019,0.04372452160527295,0.04372452160527295,0.0
PYF,2020,0.0036835227782441027,0.0036835227782441027,0.0
PYF,2021,0.060244851147466826,0.060244851147466826,0.0
PYF,2022,0.0,0.0,0.0
QAT,2009,1.0,1.0,0.0
QAT,2010,0.8925321566181218,0.8925321566181218,0.0
QAT,2011,0.5858828833002757,0.5442183983125054,0.14222803285555802
QAT,2012,0.11498935430752505,0.09960541456926539,0.2675715474863382
QAT,2013,0.4591840605510635,0.3818191664523651,0.33696681024098857
QAT,2014,0.3990624156230801,0.3345534346634153,0.3233027137318509
QAT,2015,0.3696535308224578,0.3108910967858189,0.3179324915733706
QAT,2016,0.6637472419331617,0.5766801474869878,0.2623501506163437
QAT,2017,0.24939980515619461,0.23627362838606478,0.10526212530045202
QAT,2018,0.3768983507559973,0.3342118051676812,0.22651489720076404
QAT,2019,0.49492541628416403,0.4215302371545376,0.29659086688522857
QAT,2020,0.4589312018614993,0.3802816880341002,0.3427507805456851
QAT,2021,0.06954327103284405,0.057545254952133966,0.3450518188896704
QAT,2022,0.132535098446558,0.11319814846615925,0.2918011939033036
ROU,2009,0.1819094919644211,0.14101178910594506,0.44964891514814476
ROU,2010,0.1320137289845328,0.10322864755631181,0.436092240551641
ROU,2011,0.0758051097895498,0.06258215729288984,0.3488670495529793
ROU,2012,0.16622093035682534,0.135996592444865,0.3636646461679399
ROU,2013,0.13452359220992618,0.1111866780446577,0.34695645249869417
ROU,2014,0.1346127112237363,0.11524505514696087,0.28775374778069723
ROU,2015,0.20330140951699013,0.17467369816143802,0.28162826242638195
ROU,2016,0.27987851962813337,0.24260600051583578,0.2663478366386999
ROU,2017,0.2082837058085639,0.18199056180782194,0.25247432485101173
ROU,2018,0.25428837016708733,0.22892693862261787,0.19946985013750337
ROU,2019,0.2599671614050369,0.23457225988440766,0.1953700719996953
ROU,2020,0.08912805414430931,0.07710346777808214,0.26982719373089625
ROU,2021,0.44538652019962316,0.40015627038376705,0.20310560721767598
ROU,2022,0.7835977685205427,0.7092590697863955,0.18973688216213536
RUS,2009,0.44298397543616486,0.24711080719578837,0.8843352315284927
RUS,2010,0.43870654027193584,0.2728573823009367,0.7560824503240648
RUS,2011,0.4318722342232793,0.299148929838804,0.6146415252797055
RUS,2012,0.33528940720333583,0.23327996041433754,0.6084859503308723
RUS,2013,0.4434283183466112,0.323167446358697,0.5424140363264345
RUS,2014,0.30803709345694735,0.24020344737066562,0.4404251794809412
RUS,2015,0.19349099231132705,0.12998990827003434,0.6563725089498684
RUS,2016,0.3599381928343263,0.23327279099306586,0.7038175129115152
RUS,2017,0.34839445913379347,0.2330008026436194,0.6624310660799549
RUS,2018,0.22681079749313127,0.1492383937352414,0.684027432690801
RUS,2019,0.28140379209380023,0.1724173516069394,0.7745911288255305
RUS,2020,0.12147336246797343,0.06073668123398671,1.0
RUS,2021,0.6701693559660132,0.3987845692528241,0.8098991226538627
RUS,2022,0.3623425614679463,0.20572896205727664,0.8644504734756315
RWA,2009,0.2904109083351726,0.2904109083351726,0.0
RWA,2010,0.2598394061658962,0.22314051601454446,0.28247363009997867
RWA,2011,0.25850406902315354,0.23549218324229038,0.17803886699208626
RWA,2012,0.2734463263142195,0.26101060584286284,0.09095547663029624
RWA,2013,0.25516796194097147,0.2385655736669133,0.13012909730335842
RWA,2014,0.4062846425127797,0.36853359073449965,0.1858354849191358
RWA,2015,0.28555785533745637,0.26216851269236857,0.1638150883115968
RWA,2016,0.39813344454269156,0.36527541686518317,0.1650603742433654
RWA,2017,0.3198539049979633,0.28823504313881804,0.19770814965880484
RWA,2018,0.37953144007478457,0.33981560793609555,0.2092887594812343
RWA,2019,0.28094741345280194,0.252207271077154,0.2045944614505316
RWA,2020,0.12639112789784526,0.10942310973354988,0.2685001462762428
RWA,2021,0.18439560955392428,0.15950362699126155,0.2699845470603067
RWA,2022,0.34640269160803044,0.31457403345367424,0.18376680623701203
SAU,2009,0.04294550099716615,0.021472750498583076,1.0
SAU,2010,0.14958946523046496,0.07479473261523248,1.0
SAU,2011,0.09803821382876328,0.04901910691438164,1.0
SAU,2012,0.10219713441881088,0.05109856720940544,1.0
SAU,2013,0.08490730292097579,0.04245365146048789,1.0
SAU,2014,0.0661639761800538,0.0330819880900269,1.0
SAU,2015,0.1313945259341329,0.06569726296706645,1.0
SAU,2016,0.47179242487036344,0.23589621243518172,1.0
SAU,2017,0.12713745412298152,0.06356872706149076,1.0
SAU,2018,0.3608078402604106,0.1804039201302053,1.0
SAU,2019,0.20884789243760213,0.10442394621880106,1.0
SAU,2020,0.07431655465275276,0.03715827732637638,1.0
SAU,2021,0.9242360058318384,0.4621180029159192,1.0
SAU,2022,0.7243051704799256,0.3621525852399628,1.0
SDN,2009,0.15872040683437788,0.15765016978358523,0.013485815367263
SDN,2010,0.14784719871913446,0.14724888337469877,0.008093698759518642
SDN,2011,0.16720218289503017,0.16720218289503017,0.0
SDN,2012,0.38120094058124104,0.38120094058124104,0.0
SDN,2013,0.28997681834042144,0.28997681834042144,0.0
SDN,2014,0.3418986823275232,0.3418986823275232,0.0
SDN,2015,0.3639028310545043,0.3639028310545043,0.0
SDN,2016,0.5121826509099695,0.5121826509099695,0.0
SDN,2017,0.46128063770602035,0.46128063770602035,0.0
SDN,2018,0.48380480488291033,0.48380480488291033,0.0
SDN,2019,0.3483629660008519,0.3483629660008519,0.0
SDN,2020,0.3587116176180316,0.3587116176180316,0.0
SDN,2021,0.2887465179289227,0.2887465179289227,0.0
SDN,2022,,,0.0
SEN,2009,0.22748821036924627,0.22748821036924627,0.0
SEN,2010,0.1616199551584059,0.1616199551584059,0.0
SEN,2011,0.19040261631415964,0.19040261631415964,0.0
SEN,2012,0.16049109029091352,0.16049109029091352,0.0
SEN,2013,0.15861074298399983,0.15861074298399983,0.0
SEN,2014,0.18123286224242185,0.18123286224242185,0.0
SEN,2015,0.2116692642125012,0.2116692642125012,0.0
SEN,2016,0.2977247837265147,0.2977247837265147,0.0
SEN,2017,0.25972994154585516,0.25972994154585516,0.0
SEN,2018,0.3086415883283305,0.3086415883283305,0.0
SEN,2019,0.4834282554330343,0.4834282554330343,0.0
SEN,2020,0.5804928795618333,0.5804928795618333,0.0
SEN,2021,0.5838196845137253,0.5838196845137253,0.0
SEN,2022,1.0,1.0,0.0
SGP,2009,0.6365568097664299,0.5220065989217294,0.3599056960422187
SGP,2010,0.63750775281413,0.5234762223058161,0.3577416274702483
SGP,2011,0.6378343981691513,0.5260373662279887,0.35055190583031065
SGP,2012,0.6379900477819174,0.5251987045034018,0.3535833941944836
SGP,2013,0.6379275848520874,0.5251451517455834,0.3535900807069012
SGP,2014,0.6378609009227171,0.5262089445063384,0.350082459215999
SGP,2015,0.637581447816857,0.5249334351626139,0.353360384120213
SGP,2016,0.6386951697833488,0.5252271138647508,0.35531208403247294
SGP,2017,0.638251545554423,0.525229762802253,0.35416062378350427
SGP,2018,0.6376100762030882,0.5267663152966541,0.3476850979724127
SGP,2019,0.6317862465403449,0.522346798628557,0.3464445404156142
SGP,2020,0.6317862465403449,0.5162366444817598,0.36578701322269525
SGP,2021,0.6317862465403449,0.518574410240893,0.3583865173368327
SGP,2022,0.6317862465403449,0.5268581174303528,0.33216338495678677
SLB,2009,0.669358430735374,0.6020853036184373,0.20100778305885775
SLB,2010,0.6652607507442635,0.580134012016974,0.2559199190153743
SLB,2011,0.6413726581309478,0.5284638547021615,0.3520848667226281
SLB,2012,0.26065691900451365,0.20541258732987333,0.42388540373780526
SLB,2013,0.4909277405947879,0.3839166355814202,0.4359546066136634
SLB,2014,0.20035865817671025,0.15912492079342894,0.4115992566382074
SLB,2015,0.324458590733824,0.24903091597474591,0.4649448460494404
SLB,2016,0.3327302224371873,0.25786698542048037,0.4499936102488532
SLB,2017,0.4000088440770716,0.3044711248343019,0.4776780346604637
SLB,2018,0.2637337953229805,0.2011530613626343,0.4745750076034586
SLB,2019,0.1983865411044906,0.1555062175067555,0.43229065196665695
SLB,2020,0.03640472511334016,0.023064232799337267,0.7328989449841719
SLB,2021,0.186095663536165,0.12334291150963704,0.6744139098580646
SLB,2022,0.47688503049233283,0.35656695087308077,0.5045999430723858
SLE,2009,0.21120358943034825,0.17898354970129393,0.30510882713648213
SLE,2010,0.4063389970785277,0.36686987389239084,0.19426697151841033
SLE,2011,0.06125720980552827,0.05903746786400896,0.07247283866066609
SLE,2012,0.3036362166990056,0.29102527501299164,0.08306612315957797
SLE,2013,0.3071513749692891,0.2924405777334814,0.09578858136173783
SLE,2014,0.28526879491064433,0.27279779556931316,0.08743332298394206
SLE,2015,0.2848431595382437,0.2664314697784844,0.1292759832435946
SLE,2016,0.3036184184430669,0.27592799663574813,0.18240278010348146
SLE,2017,0.4283046772961859,0.3898301924037877,0.17965941971626853
SLE,2018,0.4208939350859292,0.3827468911633892,0.1812667788370575
SLE,2019,0.7445740751271349,0.6806954383801608,0.17158436985888056
SLE,2020,0.6606382748071757,0.5600839702415464,0.30441561865297223
SLE,2021,1.0,0.8585370845710676,0.2829258308578648
SLE,2022,,,0.15924920632207254
SLV,2009,0.2609861713117131,0.2317362426627863,0.2241492604908299
SLV,2010,0.16840950378349176,0.15373383677648417,0.1742854966887702
SLV,2011,0.14945432705909942,0.1406697695286996,0.11755507790585547
SLV,2012,0.2788936933666378,0.2579677824180261,0.15006370847620537
SLV,2013,0.20841910227839114,0.19648258867806045,0.11454337409424933
SLV,2014,0.4061043407740269,0.38333906140575763,0.1121154200168316
SLV,2015,0.23265130937491174,0.21894494047586396,0.11782756723677244
SLV,2016,0.32859179065889915,0.3050192315412092,0.14347625100689074
SLV,2017,0.4362562950205409,0.403627452511351,0.14958565816295483
SLV,2018,0.28315801234640425,0.26409158709221664,0.1346698622171602
SLV,2019,0.26805975003386573,0.24445111504175884,0.1761445721644093
SLV,2020,0.25094139967203616,0.23384262177498197,0.13627705846385765
SLV,2021,0.4065770332046597,0.3870147017751126,0.09622939729455865
SLV,2022,0.024440615577068787,0.02380296206036243,0.052179824578938126
SMR,2009,,,0.0
SMR,2010,,,0.0
SMR,2011,,,0.0
SMR,2012,,,0.0
SMR,2013,,,0.0
SMR,2014,,,0.0
SMR,2015,,,0.0
SMR,2016,,,0.0
SMR,2017,,,0.058628786365868935
SMR,2018,,,0.0449734574629437
SMR,2019,,,0.0844120951511949
SMR,2020,,,0.17614590524724238
SMR,2021,1.0,0.9191983322807961,0.16160333543840782
SMR,2022,1.0,0.9483905135928136,0.10321897281437287
SOM,2009,0.0,0.0,0.0
SOM,2010,,,0.0
SOM,2011,0.0,0.0,0.0
SOM,2012,,,0.0
SOM,2013,,,0.0
SOM,2014,0.0,0.0,0.0
SOM,2015,0.0,0.0,0.0
SOM,2016,0.0,0.0,0.0
SOM,2017,0.0,0.0,0.0
SOM,2018,0.0,0.0,0.0
SOM,2019,0.0,0.0,0.0
SOM,2020,0.0,0.0,0.0
SOM,2021,0.0,0.0,0.0
SOM,2022,,,0.0
SRB,2009,0.4307831362166429,0.32638303898814414,0.48469909080189916
SRB,2010,0.31875068304103554,0.2543836702435382,0.4038705874033269
SRB,2011,0.4285158318747656,0.3485931207044122,0.37302104251639867
SRB,2012,0.26335424250451345,0.2152636394961662,0.365216087282308
SRB,2013,0.34828727667627457,0.2860608395415924,0.3573282247259367
SRB,2014,0.35777345912840486,0.30995252646169946,0.2673252106693719
SRB,2015,0.4355020204203509,0.37212019786535067,0.2910747577879132
SRB,2016,0.4426416017633461,0.3857935958806093,0.2568579440173362
SRB,2017,0.4440632395763353,0.3905028706718394,0.24122856445219776
SRB,2018,0.44331102962189195,0.3933305236477868,0.2254873108694562
SRB,2019,0.4509957814660983,0.39381966590227285,0.25355499059417885
SRB,2020,0.4386922257147635,0.3713742645054286,0.30690291399467334
SRB,2021,0.5998067392877462,0.5225417456334017,0.25763296273094394
SRB,2022,1.0,0.8828371898127974,0.2343256203744054
SSD,2009,0.0,0.0,0.0
SSD,2010,0.0,0.0,0.0
SSD,2011,0.0,0.0,0.0
SSD,2012,0.0,0.0,0.0
SSD,2013,0.01163400269182812,0.01163400269182812,0.0
SSD,2014,0.13566809962543386,0.13451811720187976,0.01695287877885922
SSD,2015,0.10571100266612178,0.10538219475070747,0.006220883486514934
SSD,2016,0.0,0.0,0.0
SSD,2017,0.0,0.0,0.0
SSD,2018,0.0,0.0,0.0
SSD,2019,0.0,0.0,0.021687349615150408
SSD,2020,0.0,0.0,0.0
SSD,2021,0.0,0.0,0.01328387906263327
SSD,2022,,,0.0
STP,2009,0.8680124792732932,0.6981723397200911,0.3913311008970599
STP,2010,0.9083420743299455,0.8051730991467941,0.227158860298871
STP,2011,0.9683560866073444,0.8724703693831575,0.1980381360747667
STP,2012,0.9470686761042572,0.852666406334725,0.19935675659309815
STP,2013,0.9046658348070822,0.8135618356096509,0.20140917384563128
STP,2014,0.9836220661498399,0.9122017704928201,0.14521897813166804
STP,2015,1.0,0.8894675748241261,0.2210648503517479
STP,2016,1.0,0.9054310964597166,0.18913780708056666
STP,2017,0.7,0.6424569674648016,0.16440866438628096
STP,2018,0.7,0.6613346804945315,0.11047234144419578
STP,2019,0.5714285714285714,0.5350143138459805,0.127449901539068
STP,2020,0.5714285714285714,0.49349448851158717,0.2727692902094446
STP,2021,0.5714285714285714,0.5116537067081567,0.20921202652145163
STP,2022,1.0,0.9342318094107425,0.13153638117851504
SUR,2009,0.04014193214916837,0.03566437140736155,0.22308645857743462
SUR,2010,0.023933398239907724,0.02126174490725099,0.2232573331940707
SUR,2011,0.497757791034869,0.4526111445059491,0.1814000597963811
SUR,2012,0.34477122839369884,0.3094567382874193,0.20485752405043167
SUR,2013,0.36243730615931985,0.33609200063184674,0.1453785528131713
SUR,2014,0.5465304227777898,0.5163475441677581,0.11045269339856538
SUR,2015,0.5742381596596061,0.5611578058615253,0.04555724337732788
SUR,2016,0.6612198469845052,0.6284408884166194,0.099146928869042
SUR,2017,0.37526531464068014,0.3577722511358039,0.09323037766826907
SUR,2018,0.4678772278553579,0.43976644172100626,0.12016308749714134
SUR,2019,0.5627495867701283,0.529942185749053,0.11659680181862649
SUR,2020,0.18411688872395554,0.17186158501652976,0.13312525311895781
SUR,2021,0.7643265835116605,0.6784374329559594,0.22474463772040376
SUR,2022,1.0,0.8688486187507486,0.2623027624985028
SVK,2009,0.4520809602881018,0.4520809602881018,0.0
SVK,2010,0.362356271549696,0.362356271549696,0.0
SVK,2011,0.581522938686901,0.581522938686901,0.0
SVK,2012,0.30601810648631633,0.30601810648631633,0.0
SVK,2013,0.21618547257398799,0.21618547257398799,0.0
SVK,2014,0.04228080006345413,0.04228080006345413,0.0
SVK,2015,0.3204215553360252,0.3204215553360252,0.0
SVK,2016,0.5840216875844493,0.5840216875844493,0.0
SVK,2017,0.583905843889322,0.583905843889322,0.0
SVK,2018,0.29225480383278507,0.29225480383278507,0.0
SVK,2019,0.2209991368086602,0.21990670679929492,0.009886283042916385
SVK,2020,0.23440861059310586,0.23092648511495747,0.029709876862781127
SVK,2021,0.5354272156557224,0.5305363569377897,0.018268995579326437
SVK,2022,1.0,0.9914049032385679,0.01719019352286432
SVN,2009,0.16331149577921106,0.16331149577921106,0.0
SVN,2010,0.12899891371936417,0.12899891371936417,0.0
SVN,2011,0.19271333302615923,0.19271333302615923,0.0
SVN,2012,0.14588703809567685,0.14588703809567685,0.0
SVN,2013,0.04385541353801158,0.04385541353801158,0.0
SVN,2014,0.26831378231621805,0.26831378231621805,0.0
SVN,2015,0.508625668968597,0.508625668968597,0.0
SVN,2016,0.45978425976826054,0.45978425976826054,0.0
SVN,2017,0.4010661754450767,0.4010661754450767,0.0
SVN,2018,0.3899678256198853,0.3899678256198853,0.0
SVN,2019,0.6095797716072656,0.6095797716072656,0.0
SVN,2020,0.2395586526150577,0.2395586526150577,0.0
SVN,2021,1.0,1.0,0.0
SVN,2022,0.8573256600121419,0.8573256600121419,0.0
SWE,2009,0.32390866227030435,0.264252333502306,0.368352784083401
SWE,2010,0.2127737090624121,0.1740081944262168,0.36438256217852916
SWE,2011,0.22765140401019351,0.1865278937523266,0.3612849254031005
SWE,2012,0.18304696935484052,0.14975847314534835,0.36371534941899747
SWE,2013,0.21725350769468546,0.17715291756838722,0.36915942625564524
SWE,2014,0.10113169050080426,0.08259015008028722,0.366681113085311
SWE,2015,0.2090585694740829,0.17049010144394708,0.36897284935183844
SWE,2016,0.1537005144688384,0.12533141338159962,0.36914777006800975
SWE,2017,0.42620536022734,0.34764505795684775,0.36864999646455787
SWE,2018,0.13997932370292906,0.11441568318477685,0.3652488073510715
SWE,2019,0.28024823860698894,0.2292186487591015,0.36417420570803083
SWE,2020,0.29182735405738636,0.23811285809091481,0.3681251618099438
SWE,2021,0.5273128678402312,0.43153291562974416,0.3632756113188845
SWE,2022,0.5273128678402312,0.43190681202069486,0.36185749158863
SWZ,2009,0.3179481529059243,0.2854144829763567,0.20464764227892104
SWZ,2010,0.5248841299042802,0.4908976338370829,0.1295009474696644
SWZ,2011,0.32440306092331106,0.3035122038195282,0.12879568425972088
SWZ,2012,0.07580207004459143,0.06942361432206255,0.16829238881673497
SWZ,2013,0.1691070295367037,0.15363523859197922,0.1829822330521915
SWZ,2014,0.031082155503934932,0.02860242247915156,0.15955991369192146
SWZ,2015,0.0542792200355801,0.050494762342551056,0.13944407051347926
SWZ,2016,0.06264826265642776,0.05782401600381206,0.15401054867467184
SWZ,2017,0.25022564819923576,0.2352712038670375,0.11952766984374978
SWZ,2018,0.05497151246148202,0.052750852653863374,0.08079311294826179
SWZ,2019,0.30243407405686695,0.29002962357934253,0.08203077325997327
SWZ,2020,0.09571173676748024,0.089454098879055,0.1307600948382616
SWZ,2021,0.5913192843203494,0.5593966301538691,0.10797095583707048
SWZ,2022,0.07706270853672945,0.0742778364721044,0.07227547843838725
SXM,2009,,,0.0
SXM,2010,,,0.0
SXM,2011,0.9074727536801116,0.9074727536801116,0.0
SXM,2012,0.24259490596664982,0.24259490596664982,0.0
SXM,2013,0.8461454973451268,0.8461454973451268,0.0
SXM,2014,0.5962374628666377,0.5962374628666377,0.0
SXM,2015,0.30033632345543443,0.30033632345543443,0.0
SXM,2016,0.5015009400861957,0.5015009400861957,0.0
SXM,2017,0.47749950719624695,0.47749950719624695,0.0
SXM,2018,0.6915139520025522,0.6915139520025522,0.0
SXM,2019,0.9134208438687568,0.9134208438687568,0.0
SXM,2020,0.2857165304442104,0.2857165304442104,0.0
SXM,2021,0.3886102770892412,0.3886102770892412,0.0
SXM,2022,0.15884996169660398,0.15884996169660398,0.0
SYC,2009,0.5677442503157456,0.5434502507751715,0.08558078581003059
SYC,2010,0.5692137242288577,0.5338680799103341,0.12419111772615174
SYC,2011,0.5575232166369124,0.5261841105517403,0.11242260465569709
SYC,2012,0.5645962870296117,0.5368978239931812,0.09811776546443302
SYC,2013,0.5651355507226395,0.5268378283480973,0.13553464235463825
SYC,2014,0.5500047303880574,0.5094463651865228,0.14748369590537366
SYC,2015,0.561092276681228,0.5058411486784187,0.19694132426705618
SYC,2016,0.5623948457814337,0.5145621291244746,0.17010368077074645
SYC,2017,0.5599800375813463,0.5177877580897564,0.1506920842172368
SYC,2018,0.5699721433240802,0.5324706550553833,0.1315906003756187
SYC,2019,0.5736189812739096,0.5319645726861205,0.14523371766841414
SYC,2020,0.5050989246773347,0.4470175150011103,0.22998033390519598
SYC,2021,0.5722526681230048,0.5122341928892484,0.20976215080173471
SYC,2022,1.0,0.9285114478453396,0.1429771043093209
SYR,2009,0.17069126269480847,0.11590057120032311,0.6419858946435902
SYR,2010,0.3439307342756509,0.23797589835327074,0.6161405501926464
SYR,2011,0.21628244368119157,0.21628244368119157,0.0
SYR,2012,0.25864246002558716,0.25864246002558716,0.0
SYR,2013,0.2576817701157557,0.2576817701157557,0.0
SYR,2014,0.2665084517908086,0.2665084517908086,0.0
SYR,2015,0.2779539227728426,0.2779539227728426,0.0
SYR,2016,0.28122391606271063,0.28122391606271063,0.0
SYR,2017,0.2667726523680705,0.2667726523680705,0.0
SYR,2018,0.2679583116915967,0.2679583116915967,0.0
SYR,2019,0.26756861536361043,0.26756861536361043,0.0
SYR,2020,0.2578235468099501,0.2578235468099501,0.0
SYR,2021,0.24417994968026552,0.24417994968026552,0.0
SYR,2022,,,0.0
TCD,2009,0.015361974195866969,0.015361974195866969,0.0
TCD,2010,0.013249539747334007,0.013249539747334007,0.0
TCD,2011,0.17658312159942943,0.17658312159942943,0.0
TCD,2012,0.17463219916762138,0.17463219916762138,0.0
TCD,2013,0.1430462170866067,0.1430462170866067,0.0
TCD,2014,0.11412660851356078,0.11412660851356078,0.0
TCD,2015,0.15109503382448655,0.15109503382448655,0.0
TCD,2016,0.1500346079616801,0.1500346079616801,0.0
TCD,2017,0.13792507255150108,0.13792507255150108,0.0
TCD,2018,0.1340075470844856,0.1340075470844856,0.0
TCD,2019,0.13308855726849111,0.13308855726849111,0.0
TCD,2020,0.12371633998876244,0.12371633998876244,0.0
TCD,2021,0.11904369005433613,0.11904369005433613,0.0
TCD,2022,,,0.0
TGO,2009,0.1464395452458967,0.1464395452458967,0.0
TGO,2010,0.34661186017269985,0.34661186017269985,0.0
TGO,2011,0.5268133931658451,0.5268133931658451,0.0
TGO,2012,0.5387608185771728,0.5387608185771728,0.0
TGO,2013,0.34448117532879247,0.34448117532879247,0.0
TGO,2014,0.5188022193683193,0.5188022193683193,0.0
TGO,2015,0.5203035185440213,0.5203035185440213,0.0
TGO,2016,0.46372549919558137,0.46372549919558137,0.0
TGO,2017,0.2278258133475375,0.2278258133475375,0.0
TGO,2018,0.35005768791258446,0.35005768791258446,0.0
TGO,2019,0.487712484126332,0.487712484126332,0.0
TGO,2020,0.2529374468244382,0.2529374468244382,0.0
TGO,2021,0.2544261834968509,0.2544261834968509,0.0
TGO,2022,0.42144779672335836,0.42144779672335836,0.0
THA,2009,0.20669164993524253,0.176454892549164,0.2925784122924351
THA,2010,0.26097627959932446,0.22388101139736818,0.2842807649715019
THA,2011,0.1726704135381211,0.14941309801072775,0.2693839095052467
THA,2012,0.26517497811976537,0.23015912434185304,0.2640962131962356
THA,2013,0.265228524267663,0.23133190886698882,0.2556030916679721
THA,2014,0.17581379989449936,0.15319358958646132,0.2573200775094079
THA,2015,0.19870464264157595,0.1723709223075821,0.2650539009447773
THA,2016,0.21438533378570865,0.1847897276863468,0.2760973017766643
THA,2017,0.23353651554393476,0.2007217507025784,0.28102470198227314
THA,2018,0.2585069515156326,0.2236205470150191,0.2699068964766608
THA,2019,0.19022328725748483,0.1633669442075212,0.2823665118730817
THA,2020,0.2073717397324175,0.1742615338793847,0.3193319002459698
THA,2021,0.2496156062035061,0.2142211333609859,0.2835918264955267
THA,2022,0.2596593816378489,0.22559247841557614,0.26239686012798435
TJK,2009,0.16371215490042487,0.161888676537042,0.022276639929295055
TJK,2010,0.2587693212674846,0.2532333098504966,0.04278723142196268
TJK,2011,0.2503330348798707,0.24432515945082064,0.04799906198503195
TJK,2012,0.30326340946902997,0.2961528068509764,0.04689390408492216
TJK,2013,0.3304133067370757,0.3230271758725467,0.04470843464186773
TJK,2014,0.377171706597703,0.3691415669479141,0.04258081669075962
TJK,2015,0.31589862290679394,0.30683952853135116,0.05735444043461773
TJK,2016,0.4656306626970819,0.44247641371790325,0.09945328275875073
TJK,2017,0.4572647343959416,0.4020867348767684,0.24133940524438105
TJK,2018,0.39173718326437157,0.3511394215874098,0.20727040174567007
TJK,2019,0.35343829347187355,0.3130600877949234,0.22848800722926443
TJK,2020,0.2837881564475443,0.22399501066852828,0.4213928201057132
TJK,2021,0.3014091558680729,0.2506057533347818,0.3371059010266282
TJK,2022,0.2585148542077481,0.2031763754506146,0.4281261046041272
TKM,2009,1.0,1.0,0.0
TKM,2010,,,0.0
TKM,2011,1.0,1.0,0.0
TKM,2012,,,0.0
TKM,2013,0.9279407483054279,0.9279407483054279,0.0
TKM,2014,,,0.0
TKM,2015,,,0.0
TKM,2016,,,0.0
TKM,2017,0.9229686929409164,0.9229686929409164,0.0
TKM,2018,1.0,1.0,0.0
TKM,2019,1.0,1.0,0.0
TKM,2020,1.0,1.0,0.0
TKM,2021,1.0,1.0,0.0
TKM,2022,,,0.0
TLS,2009,0.1684943810961751,0.15957007699559403,0.1059299905732422
TLS,2010,0.535802470412215,0.4914376351504394,0.1656014584167328
TLS,2011,0.5142464761975646,0.48107243978311726,0.12901998535699213
TLS,2012,0.41698912542787003,0.3509650224079986,0.31667062277523184
TLS,2013,0.4943839012333348,0.409801486725142,0.342173012904287
TLS,2014,0.441372190280759,0.4115825751652044,0.1349863710108484
TLS,2015,0.5317527547214214,0.4829686361706317,0.1834842156157595
TLS,2016,0.35756213342415943,0.335757261732533,0.12196409884242594
TLS,2017,0.5,0.4300320746966112,0.27987170121355526
TLS,2018,0.501188180652073,0.407498586198599,0.3738699277847245
TLS,2019,0.5714285714285714,0.48547673390578155,0.30083143132976453
TLS,2020,0.5714285714285714,0.5019654006192074,0.24312109783277416
TLS,2021,0.5714285714285714,0.4409572473615942,0.45664963423442007
TLS,2022,0.34330365733684615,0.294455454625356,0.2845772345708555
TON,2009,0.26818096133716995,0.23798488853079702,0.22519177092820544
TON,2010,0.3538989385383637,0.3070042981424231,0.265017129407734
TON,2011,0.670531608388898,0.5640042751976502,0.3177399301047226
TON,2012,0.3939702477829301,0.3333153832223324,0.30791596523815323
TON,2013,0.42730012223607006,0.35929803798611293,0.3182872211414349
TON,2014,0.5057799455052275,0.4158252436042816,0.35570687489829017
TON,2015,0.5750953260130749,0.4722987445186533,0.35749406000939915
TON,2016,0.5693728331440621,0.45838679117662945,0.38985366180739794
TON,2017,0.5148330947195413,0.41753687130873685,0.37797190743461134
TON,2018,0.6050143407568884,0.4874117302642746,0.388759745249972
TON,2019,0.3844757135035731,0.31018969689822823,0.3864276155620139
TON,2020,0.3308516422784002,0.23618214722136185,0.5722776190869092
TON,2021,0.09438242533671573,0.05974654918703258,0.7339475760686867
TON,2022,0.05121902626652344,0.03344678104030517,0.6939704450349593
TTO,2009,,,0.647846782154129
TTO,2010,0.0,0.0,0.7110275220723836
TTO,2011,0.011599759256896798,0.009065687963970986,0.4369179112780544
TTO,2012,0.5714995521629115,0.45895445201788987,0.39385892681483514
TTO,2013,0.40355166283286015,0.3117415629383625,0.455010390739105
TTO,2014,0.20898049173395808,0.1496064709417728,0.5682254864992009
TTO,2015,0.08792617240825121,0.06340655568811682,0.557731925513305
TTO,2016,0.0,0.0,0.5583694002647758
TTO,2017,0.18073878198124688,0.13283674069729212,0.5300693161573367
TTO,2018,0.3032436897487726,0.23464187659951458,0.4524533599105879
TTO,2019,0.10336538972422532,0.0790622827381484,0.4702368375123748
TTO,2020,0.5463375148900096,0.4036851327013682,0.5222133875150806
TTO,2021,0.5755843865672992,0.4488839738894712,0.44024965108400743
TTO,2022,1.0,0.8717119936787445,0.2565760126425109
TUN,2009,0.32022957607293084,0.27396134000071787,0.28896916168465087
TUN,2010,0.26341672458372895,0.23572459334771698,0.2102534019415294
TUN,2011,0.09111219757009319,0.08433037180480733,0.14886757088848723
TUN,2012,0.27279653874470566,0.24970101204397116,0.16932419162655332
TUN,2013,0.2726023665373288,0.2534222485787701,0.140718646005828
TUN,2014,0.1857737964051379,0.1729517796385422,0.13803902396044374
TUN,2015,0.17802224596132005,0.16226146017012458,0.17706535164846665
TUN,2016,0.15790793839345216,0.1465324132211026,0.14407793918511771
TUN,2017,0.1663274229251869,0.155126429947669,0.13468606415619178
TUN,2018,0.19606371690829136,0.18115415447738745,0.1520889501230648
TUN,2019,0.17576875576780784,0.15451858373577462,0.24179692163384145
TUN,2020,0.11093658771934839,0.09051457082037415,0.3681745999009566
TUN,2021,0.09200081361574569,0.08000309914241051,0.26081757327593474
TUN,2022,0.21669015782194803,0.1963751043237454,0.18750324151681402
TUR,2009,0.15992359311432555,0.138236437142454,0.27121896837782916
TUR,2010,0.13972430854429738,0.12278482200306272,0.2424701430655392
TUR,2011,0.20005567052045345,0.18121160483276164,0.18838821852605508
TUR,2012,0.18259941074267635,0.1576655208411162,0.27309934681769155
TUR,2013,0.17434189909584993,0.150848581611686,0.2695085645619558
TUR,2014,0.20318403436124377,0.1757933894043632,0.2696141460424232
TUR,2015,0.25049386476703245,0.21674338700673043,0.26947149217958744
TUR,2016,0.17251070560413378,0.14942331669399112,0.26766325984570577
TUR,2017,0.15282444781486793,0.13512437378581274,0.23163929962956067
TUR,2018,0.18806741073463967,0.16928676150161132,0.19972252672237378
TUR,2019,0.16682336869589334,0.1456519226541248,0.2538187090606296
TUR,2020,0.11339075678090618,0.10078143844583089,0.2224046949336273
TUR,2021,0.2193228918691816,0.19593968545705276,0.21323087811623537
TUR,2022,0.3103537112652107,0.2822900925142548,0.1808492551066957
TUV,2009,,,0.0
TUV,2010,,,0.0
TUV,2011,,,0.0
TUV,2012,,,0.0
TUV,2013,,,0.0
TUV,2014,,,0.0
TUV,2015,,,0.0
TUV,2016,,,0.0
TUV,2017,0.25670983760073546,0.25670983760073546,0.0
TUV,2018,0.8120225577294207,0.8120225577294207,0.0
TUV,2019,1.0,1.0,0.0
TUV,2020,0.4739869444504669,0.4739869444504669,0.0
TUV,2021,0.2718661693423689,0.2718661693423689,0.0
TUV,2022,,,0.0
TWN,2009,0.25707390366438077,0.20998859022467767,0.3663173334091093
TWN,2010,0.25707390366438077,0.20998859022467767,0.3663173334091093
TWN,2011,0.25707390366438077,0.20998859022467767,0.3663173334091093
TWN,2012,0.25707390366438077,0.20998859022467767,0.3663173334091093
TWN,2013,0.25707390366438077,0.20998859022467767,0.3663173334091093
TWN,2014,0.25707390366438077,0.20998859022467767,0.3663173334091093
TWN,2015,0.25707390366438077,0.20998859022467767,0.3663173334091093
TWN,2016,0.25707390366438077,0.20998859022467767,0.3663173334091093
TWN,2017,0.25707390366438077,0.20998859022467767,0.3663173334091093
TWN,2018,0.25707390366438077,0.20998859022467767,0.3663173334091093
TWN,2019,0.25707390366438077,0.20998859022467767,0.3663173334091093
TWN,2020,0.25707390366438077,0.20998859022467767,0.3663173334091093
TWN,2021,0.25707390366438077,0.20998859022467767,0.3663173334091093
TWN,2022,0.25707390366438077,0.20998859022467767,0.3663173334091093
TZA,2009,0.15561571440428545,0.1358162477206247,0.25446616056039495
TZA,2010,0.14140223333254204,0.12503624748623013,0.23148129220594812
TZA,2011,0.1270145510858704,0.11696807916845654,0.15819403102281993
TZA,2012,0.1765723436619312,0.1618256014133763,0.1670334316543852
TZA,2013,0.19308405451499608,0.17547818307215604,0.1823648409192966
TZA,2014,0.1959346470791739,0.17916979285268153,0.17112700052194432
TZA,2015,0.20497862199751715,0.18405265148588804,0.2041771020578193
TZA,2016,0.22275607686189391,0.1943040852170496,0.2554542353740968
TZA,2017,0.2249220683101013,0.1860315994646378,0.3458128331973634
TZA,2018,0.23967838350571033,0.20787615754457875,0.26537416930112007
TZA,2019,0.21909106497050607,0.21909106497050607,0.0
TZA,2020,0.05600466314099763,0.05600466314099763,0.0
TZA,2021,0.05046471578960006,0.05046471578960006,0.0
TZA,2022,,,0.0
UGA,2009,0.2881495937598897,0.2420004558699144,0.3203137459803647
UGA,2010,0.2265713021584968,0.1990126778552758,0.24326668064910104
UGA,2011,0.35297521084077943,0.3200050248063458,0.18681303968003507
UGA,2012,0.4474851741479003,0.39812206090235236,0.2206245752813823
UGA,2013,0.3580189702262659,0.3144861755112335,0.2431870841230558
UGA,2014,0.3466787967625592,0.30682913053657,0.22989387639580527
UGA,2015,0.30533090084937375,0.27263953291014814,0.21413730381225288
UGA,2016,0.32152542924781674,0.28077140218238444,0.2535042230455807
UGA,2017,0.29459938713911715,0.2546724828594303,0.27105897719218547
UGA,2018,0.38869571535292785,0.3523833727186846,0.18684200108186116
UGA,2019,0.38620887755301286,0.3538987522306935,0.16731943360304732
UGA,2020,0.28231323022305305,0.25373125111951256,0.20248416328882732
UGA,2021,0.44118353239712116,0.3871558245808424,0.24492168836277847
UGA,2022,1.0,0.9053552789723729,0.18928944205525425
UKR,2009,0.3004371948437289,0.262137626950365,0.25495889690545953
UKR,2010,0.37088093435726954,0.3212122878934594,0.26784146534728237
UKR,2011,0.31763586589548715,0.29050979978373137,0.1707997680632272
UKR,2012,0.36870719678248987,0.3479920261099028,0.11236651116852213
UKR,2013,0.19383051367287676,0.18506405640154225,0.09045487323146095
UKR,2014,0.06469192523273785,0.06374130840268685,0.02938904126383741
UKR,2015,0.014779630854685304,0.013783767297561327,0.13476162793447277
UKR,2016,0.3283259884215918,0.30495463072685497,0.14236678495719016
UKR,2017,0.2466245540928021,0.22896737964771036,0.14319072575756228
UKR,2018,0.2762424395883088,0.2574572066336911,0.1360054087461277
UKR,2019,0.29764952328594485,0.2741143934531676,0.15813987923083322
UKR,2020,0.012882888036698181,0.011394235249639766,0.2311054451172501
UKR,2021,0.4102945688351349,0.37752796913608494,0.15972231751484003
UKR,2022,0.0,0.0,0.17916592417230814
URY,2009,0.4210768763333837,0.31231295532310027,0.5165988783680943
URY,2010,0.44572646796097165,0.3586909273642972,0.39053341837575317
URY,2011,0.6660358747642501,0.5234132607166592,0.4282730689186183
URY,2012,0.6836229917404553,0.5531797301786978,0.3816233893177239
URY,2013,0.40948203692539975,0.31519854866281216,0.46050121744297345
URY,2014,0.4660337108375786,0.34819505056256095,0.5057087396670609
URY,2015,0.4747433374149936,0.3433995539099424,0.553325441996621
URY,2016,0.2708306820538012,0.19977008662119397,0.5247603033284896
URY,2017,0.4712940021467661,0.3432667670572028,0.5433009310807831
URY,2018,0.4638666472361159,0.3467381872802793,0.5050091902650476
URY,2019,0.2146259881248842,0.16119577305821567,0.4978913833638743
URY,2020,0.15400347230255249,0.10160259496039298,0.6805155307045763
URY,2021,0.5714285714285714,0.43817056329116755,0.46640302848091353
URY,2022,1.0,0.8349773438259068,0.3300453123481864
USA,2009,0.3165515019250334,0.19400915548141165,0.7742332334448538
USA,2010,0.3553172112253668,0.21760290687213918,0.7751625871333301
USA,2011,0.32098683154861773,0.1966537097138005,0.7746929756274772
USA,2012,0.306874284697135,0.18786118636510804,0.7756472553539973
USA,2013,0.15794377845647462,0.09708930911591343,0.7705839373385787
USA,2014,0.18065420661099257,0.11116500797203675,0.7693061782789119
USA,2015,0.28548059565160955,0.17587758631129263,0.7678491008479789
USA,2016,0.2874995890402236,0.17697519803705086,0.7688664277548546
USA,2017,0.27560566578906465,0.1695868124977601,0.7693517692226713
USA,2018,0.27312902537814815,0.16825258044723188,0.7679626490499458
USA,2019,0.24525295055659882,0.15082230232467983,0.7700673775186777
USA,2020,0.2551050001862293,0.15609680154077116,0.7762152727165766
USA,2021,0.2622463459218443,0.1606469295452892,0.7748395198370785
USA,2022,0.37510307581229685,0.23039949682158217,0.771540348888661
UZB,2009,0.3885254421438235,0.3885254421438235,0.0
UZB,2010,0.49251527625775315,0.49251527625775315,0.0
UZB,2011,0.42919360390756234,0.42919360390756234,0.0
UZB,2012,0.2834058930079858,0.2834058930079858,0.0
UZB,2013,0.27511433432954274,0.16382861300715656,0.8090143437534142
UZB,2014,0.19445622941823418,0.10456846695918083,0.9245038097054098
UZB,2015,0.19969476325095176,0.09984738162547588,1.0
UZB,2016,0.23116396010121382,0.11558198005060691,1.0
UZB,2017,0.2945389159354007,0.14726945796770036,1.0
UZB,2018,0.1989072806848368,0.13058956379384787,0.6869302788291246
UZB,2019,0.3598216873281943,0.24351472569317356,0.6464699918375786
UZB,2020,0.2422876688047109,0.13039756096600535,0.9236137224044313
UZB,2021,0.35481074345342534,0.2213910797338917,0.7520610138291776
UZB,2022,0.456156532393867,0.32376717595300214,0.5804558174190683
VCT,2009,1.0,0.9528149403365919,0.09437011932681623
VCT,2010,1.0,0.9345838210322542,0.13083235793549156
VCT,2011,1.0,0.9477803020032648,0.10443939599347031
VCT,2012,1.0,0.9378703450189997,0.12425930996200059
VCT,2013,1.0,0.9240123710403275,0.15197525791934494
VCT,2014,1.0,0.9096880233991114,0.18062395320177727
VCT,2015,1.0,0.8922969532336713,0.21540609353265727
VCT,2016,1.0,0.8757493763198623,0.24850124736027548
VCT,2017,1.0,0.8796759762990269,0.24064804740194615
VCT,2018,0.917121829596682,0.8206388834589315,0.21040377193983115
VCT,2019,1.0,0.8698262067209783,0.26034758655804335
VCT,2020,1.0,0.8413830389224866,0.31723392215502677
VCT,2021,1.0,0.7868479954930669,0.42630400901386617
VCT,2022,1.0,0.8257552793558469,0.34848944128830606
VEN,2009,0.10485950034088451,0.08723512114605102,0.33615226350571825
VEN,2010,0.12903956026097882,0.11129728453687761,0.27498971149960466
VEN,2011,0.2420758056679297,0.21827590409663306,0.19663180717815662
VEN,2012,0.1881043160951447,0.17256884100539227,0.16517935805252273
VEN,2013,0.13418225704530343,0.12616165474873192,0.1195478817123122
VEN,2014,0.28800600898536505,0.26500277989837817,0.15974131350957857
VEN,2015,0.5612229784297756,0.51846425202651,0.15237696262151854
VEN,2016,0.478717537177782,0.4384636306393923,0.1681739372896235
VEN,2017,0.6180980853567173,0.6180980853567173,0.0
VEN,2018,0.6682565138068173,0.6682565138068173,0.0
VEN,2019,0.4993253881542201,0.4993253881542201,0.0
VEN,2020,1.0,1.0,0.0
VEN,2021,1.0,1.0,0.0
VEN,2022,0.8825186865512731,0.8825186865512731,0.0
VIR,2009,0.12111654019332486,0.12111654019332486,0.0
VIR,2010,0.11993536796454561,0.11993536796454561,0.0
VIR,2011,0.09549016218184886,0.09549016218184886,0.0
VIR,2012,0.5292511427399754,0.5292511427399754,0.0
VIR,2013,0.6685160319310619,0.6685160319310619,0.0
VIR,2014,0.6826870865501655,0.6826870865501655,0.0
VIR,2015,1.0,1.0,0.0
VIR,2016,1.0,1.0,0.0
VIR,2017,0.7246021955913279,0.7246021955913279,0.0
VIR,2018,0.6892511534907935,0.6892511534907935,0.0
VIR,2019,0.6575076571819596,0.6575076571819596,0.0
VIR,2020,0.6102187632242276,0.6102187632242276,0.0
VIR,2021,,,0.0
VIR,2022,,,0.0
VNM,2009,0.2573635339691857,0.23786160045301294,0.15155164537418697
VNM,2010,0.21662899315532436,0.2013697931528929,0.14087864953044854
VNM,2011,0.19369894040111357,0.18027516912587874,0.13860448846479761
VNM,2012,0.1940022482850721,0.1793961867247324,0.15057620918781467
VNM,2013,0.19617406387711636,0.1817782916234995,0.14676529576952005
VNM,2014,0.1837732588399345,0.16988661247602185,0.15112804171370595
VNM,2015,0.20478976198689125,0.1901011314689846,0.14345082855115449
VNM,2016,0.20938165327545535,0.19392590975457205,0.14763226174883856
VNM,2017,0.20053696487273565,0.1854659918771599,0.15030618425027087
VNM,2018,0.20048360686056932,0.1853418375598993,0.1510524430179538
VNM,2019,0.19625124063977217,0.18050968855059427,0.160422446633825
VNM,2020,0.1844748462843756,0.16904663275213277,0.16726631129383993
VNM,2021,0.17415354445049233,0.15987331933804963,0.16399580218135873
VNM,2022,0.2276279296653181,0.21028195437605776,0.15240638804529988
VUT,2009,0.6723146748922767,0.5874172068951217,0.25255277377593427
VUT,2010,0.7,0.6239629027511706,0.2172488492823696
VUT,2011,0.7,0.625141518099695,0.21388137685801437
VUT,2012,0.7,0.6233788954708774,0.2189174415117784
VUT,2013,0.7,0.6192015578585818,0.23085269183262336
VUT,2014,0.3946587075889017,0.3475260393677553,0.23885279769497664
VUT,2015,0.5519166952387468,0.4650385808142292,0.3148232882751845
VUT,2016,0.6411705463558158,0.5420970736693198,0.30903937571553847
VUT,2017,0.5652222197452162,0.4416168364258307,0.43736915854122943
VUT,2018,0.5507883662539669,0.4185157184518597,0.48030298352785716
VUT,2019,0.9265708436870607,0.6487862836159188,0.5995970237219349
VUT,2020,0.4905374877590848,0.28732606844440295,0.8285255434523858
VUT,2021,0.37846430634712513,0.23507890042562757,0.7577222132540307
VUT,2022,0.135122977850749,0.08995446917253379,0.6685540741724386
WSM,2009,0.3896233390119922,0.3375915285300205,0.267087749999341
WSM,2010,0.4784678546509419,0.4209462239700431,0.2404409413161631
WSM,2011,0.41071556814884724,0.3800843369689072,0.1491603121741856
WSM,2012,0.5801558009812963,0.5316329301672991,0.1672753102939724
WSM,2013,0.3711515988319943,0.3438307221502187,0.14722219582377521
WSM,2014,0.5194448860317847,0.48993524537818994,0.1136199102046376
WSM,2015,0.5253579459044748,0.4847221869711775,0.15469741820821742
WSM,2016,0.3987470033253787,0.3784991126189747,0.1015575818127553
WSM,2017,0.33185200360793615,0.30640064658240496,0.15338980478539171
WSM,2018,0.41574531842805673,0.37422806289537697,0.19972446443730252
WSM,2019,0.3106917655372795,0.2790023239098064,0.20399280021259994
WSM,2020,0.06138115795625867,0.04844675318360529,0.42144544688683366
WSM,2021,0.08412239157671818,0.06760449852931047,0.39271097118877496
WSM,2022,0.04268504375655038,0.035021374494819096,0.3590798362742795
XKX,2009,1.0,0.9292022621013307,0.14159547579733844
XKX,2010,1.0,0.9373269501591636,0.12534609968167293
XKX,2011,1.0,0.9588611988193716,0.08227760236125686
XKX,2012,0.8673307117348864,0.805382284591255,0.14284845746951216
XKX,2013,1.0,0.9301618988925874,0.13967620221482516
XKX,2014,0.547980814614054,0.5211006286892669,0.09810630302346997
XKX,2015,1.0,0.9417520258455221,0.11649594830895581
XKX,2016,0.7343819175332886,0.703722726313187,0.08349658532738018
XKX,2017,0.7962714540389985,0.7551614330878171,0.10325629719024912
XKX,2018,0.8040490868726465,0.7677618173915607,0.09026132875102305
XKX,2019,0.7694438309396814,0.7289763474270068,0.1051863226020118
XKX,2020,1.0,0.9332591877496202,0.13348162450075954
XKX,2021,1.0,0.9518330878519441,0.09633382429611191
XKX,2022,1.0,0.9574822319864682,0.08503553602706358
YEM,2009,0.057035131729277974,0.04619864894565438,0.3799932587184987
YEM,2010,0.09911310797635663,0.08510475978465441,0.2826739767870844
YEM,2011,0.1446932735300541,0.13053403971451558,0.19571378088418906
YEM,2012,0.048911748022725625,0.043156689853461376,0.23532416656179644
YEM,2013,0.054177949900451404,0.04856892674654736,0.20705926171847683
YEM,2014,0.0737728384807692,0.06876420088677111,0.13578541092203514
YEM,2015,0.010342831077545684,0.009924340461679578,0.0809238036913606
YEM,2016,0.1402194502089691,0.13798096800009957,0.03192826965921636
YEM,2017,0.08015174151516712,0.08015174151516712,0.0
YEM,2018,0.11107926135463307,0.11107926135463307,0.0
YEM,2019,,,0.0
YEM,2020,0.014688704358267414,0.014688704358267414,0.0
YEM,2021,0.01371331832763042,0.01371331832763042,0.0
YEM,2022,,,0.0
ZAF,2009,0.12523631953725822,0.11364455402107072,0.18511827174446632
ZAF,2010,0.084655960966465,0.07709789607872435,0.17855954386329959
ZAF,2011,0.08406151117510774,0.07672059326255681,0.17465586354399776
ZAF,2012,0.10294545806417017,0.09387484190671565,0.1762217843899521
ZAF,2013,0.14597188911615142,0.13313229725030742,0.17591869151775347
ZAF,2014,0.14320323517933373,0.13051058997142073,0.17726757628091255
ZAF,2015,0.11530398097622034,0.10489119264870425,0.18061455015440558
ZAF,2016,0.11698239369348912,0.10595141920478261,0.18859204604086444
ZAF,2017,0.12610251393315486,0.11436083094667776,0.18622440774973292
ZAF,2018,0.12406997025331815,0.11280427947138096,0.18160221621614991
ZAF,2019,0.11869393798069448,0.10752156809377877,0.18825510513827393
ZAF,2020,0.09966241944861859,0.08932405910939858,0.20746757697468898
ZAF,2021,0.2751398892453279,0.24900143828967725,0.19000117378359727
ZAF,2022,0.15683274599508717,0.1425031480136495,0.1827373217310952
ZMB,2009,0.5753489916679109,0.504733734841803,0.24546929897764297
ZMB,2010,0.5821544033096308,0.5339970752386078,0.16544520765364532
ZMB,2011,0.5017392500847551,0.4659218930549234,0.1427727929349011
ZMB,2012,0.6073038648822918,0.5537268196117575,0.17644229970747385
ZMB,2013,0.6253827833345187,0.5904260658909871,0.11179302780656562
ZMB,2014,0.6248520565373542,0.5812804317827932,0.13946221125050007
ZMB,2015,0.6223871170541858,0.5664632053899765,0.17970780606418124
ZMB,2016,0.44779951732348566,0.41505901591754707,0.14622839078358008
ZMB,2017,0.5239892472058374,0.49667334740672253,0.10426129904297242
ZMB,2018,0.24705212860146278,0.23928803770716742,0.06285386762904721
ZMB,2019,0.6132279318512629,0.5892024982971834,0.07835727078363659
ZMB,2020,0.24177902894739078,0.23153622608429855,0.08472862934130629
ZMB,2021,0.383094054991507,0.3524108078063326,0.16018649616400168
ZMB,2022,0.1409705756739519,0.13148460461421163,0.13458086575002973
ZWE,2009,0.11242565757377687,0.10624450646501386,0.10995979462618224
ZWE,2010,0.12610162320050378,0.12369084400844403,0.0382354981779506
ZWE,2011,0.226556593473023,0.22539669419009006,0.010239377853913986
ZWE,2012,0.20114391327923378,0.2003174482611896,0.008217648792552582
ZWE,2013,0.19636979755475514,0.1963274840432684,0.00043095742841959487
ZWE,2014,0.2531086477446332,0.2531086477446332,0.0
ZWE,2015,0.23401457935097578,0.23375876791617464,0.0021862863032775016
ZWE,2016,0.20116934619460583,0.20064491604186782,0.005213817737725294
ZWE,2017,0.08109944945248776,0.08109944945248776,0.0
ZWE,2018,0.13408590786538532,0.13408590786538532,0.0
ZWE,2019,0.11455701125051954,0.11455701125051954,0.0
ZWE,2020,0.07623423982235719,0.07623423982235719,0.0
ZWE,2021,0.10957403231367882,0.10804207399970603,0.027962068778982982
ZWE,2022,0.1190167202729526,0.11883095983567357,0.00312158555290388
